quantiles,intercept,age_beta,female_beta,noplace_beta,poor_beta,education_L12_beta,singlefamily_beta,crowded_beta,rented_beta,notemployed_beta
0.01,73.24590163934427,-0.393442622950819,-4.000000000000017,-0.9508196721311194,-4.7213114754097925,-1.7704918032787005,-1.081967213114786,-0.2295081967210965,-1.2131147540986138,4.491803278689776
0.02,72.66666666666566,-0.3333333333333205,-4.6666666666664325,-0.999999999999516,-2.000000000000069,-1.9999999999999345,-1.9999999999998175,0.33333333333299636,2.5972907603924614e-14,2.3333333333335515
0.03,71.42857142857235,-0.28571428571430874,-3.714285714286035,-1.7142857142856918,-1.1428571428573508,-1.9999999999996734,-1.7142857142854768,-0.5714285714286795,1.4285714285714612,1.714285714285846
0.04,72.57142857142857,-0.2857142857142852,-3.142857142857152,-1.1428571428571301,-1.857142857142861,-1.1428571428571535,-1.5714285714285712,-1.0000000000000078,1.4285714285714308,1.0000000000000127
0.05,72.6930693069304,-0.27722772277227326,-2.8910891089108492,0.21782178217826326,-2.514851485148557,-1.2475247524751445,-1.4653465346533405,-1.1683168316830232,1.8613861386137884,0.9108910891090028
0.06,73.34246575342446,-0.2739726027397215,-3.0958904109589462,-0.13698630137000697,-2.9589041095888637,-0.6575342465752281,-1.2328767123288562,-0.7123287671233558,2.082191780821987,0.9041095890411188
0.07,73.60962566844921,-0.26737967914438526,-2.631016042780796,-0.005347593582915084,-3.0909090909090806,-0.4866310160427881,-1.7486631016042447,-0.8181818181817985,1.7647058823529655,0.3208556149732759
0.08,74.66666666666711,-0.26666666666667793,-2.399999999999933,-0.2666666666666546,-2.666666666666613,-1.0666666666663593,-1.066666666666892,-0.8000000000000308,0.9333333333334599,0.9333333333329425
0.09,74.49999999999999,-0.25000000000000033,-2.2500000000000027,-0.4999999999998581,-2.750000000000011,-0.5000000000000311,-1.7500000000000107,-1.2499999999960516,0.9999999999999989,1.749999999999841
0.1,75.4871794871795,-0.25641025641025644,-2.5641025641025563,-0.1538461538461651,-2.2051282051282066,-0.5641025641026549,-2.153846153846165,-0.6666666666655326,1.025641025641026,1.487179487179608
0.11,76.32258064516124,-0.2580645161290318,-2.451612903225823,1.3232285843230528e-14,-2.000000000000036,-0.7096774193547917,-2.322580645161283,-0.5161290322581402,0.32258064516130175,2.774193548387171
0.12000000000000001,76.25000000000004,-0.2500000000000008,-2.2500000000000018,-3.073532282444634e-15,-1.9999999999999616,-0.5000000000000359,-1.7500000000016729,-0.25000000000014905,2.623598540047563e-14,2.5000000000000124
0.13,76.5000000000002,-0.25000000000000283,-2.0000000000000457,7.553810587538982e-16,-1.999999999999999,-0.49999999999992384,-2.249999999999985,-1.4129964871811632e-13,0.24999999999995373,2.25000000000005
0.14,76.27027027027029,-0.23423423423423428,-2.1981981981981913,0.2702702702702707,-1.6936936936936902,-0.6306306306306334,-1.7297297297297294,0.234234234234252,-0.1981981981981852,2.3063063063062907
0.15000000000000002,77.04000000000002,-0.2400000000000001,-2.3600000000029273,0.4799999999999841,-1.6399999999970982,-0.4800000000000174,-2.000000000006725,0.0800000000009066,-0.11999999999706977,2.6400000000000037
0.16,77.39393939393942,-0.24242424242424282,-2.1818181818181874,0.5454545454545265,-1.4545454545454677,2.243127502629767e-15,-1.9999999999999343,-0.060606060606065174,-0.30303030303030626,2.9090909090909505
0.17,78.1397849462362,-0.24731182795698123,-2.3548387096777255,0.602150537634709,-1.021505376344128,-0.19354838709661318,-1.9677419354837604,-0.4086021505373366,-0.16129032258039117,2.698924731182639
0.18,78.32000000003305,-0.24000000000048613,-2.720000000001438,0.5599999999970898,-0.7999999999854186,-0.32000000000875467,-1.999999999999981,-0.24000000001261382,-1.2169488612892114e-11,2.639999999981064
0.19,78.35294117647062,-0.23529411764706035,-2.705882352941156,0.7058823529411877,-0.8235294117646806,-0.23529411764704447,-2.000000000000016,4.829577769242244e-14,-9.04147272410124e-15,2.4705882352941395
0.2,77.99999999999999,-0.22222222222222152,-2.888888888888889,0.8888888888888473,-0.8888888888888772,-0.22222222222226468,-1.777777777777891,1.0087675263025088e-13,-1.0508858670714215e-14,2.2222222222222023
0.21000000000000002,78.21428571428605,-0.21428571428572019,-3.142857142857115,0.5714285714284724,-1.0714285714284975,-0.21428571428582363,-1.7142857142855346,0.14285714285715276,-0.21428571428571772,2.4285714285712796
0.22,78.57142857142831,-0.21428571428571008,-3.303571428571388,0.37500000000005385,-1.071428571428682,-0.3214285714285685,-1.410714285714236,0.08928571428585473,-0.16071428571422003,2.178571428571467
0.23,78.2051282051286,-0.20512820512821495,-3.1794871794871367,0.4102564102564454,-1.0256410256410902,-0.2820512820511532,-1.384615384615353,-0.07692307692306785,7.959999073070332e-15,1.9743589743590346
0.24000000000000002,78.69565217391295,-0.20869565217391184,-3.1130434782608667,0.6086956521738803,-0.8869565217391341,-0.3652173913043093,-1.2869565217391017,-0.1739130434782452,-0.13913043478256965,1.7739130434782724
0.25,79.28155339805821,-0.21359223300970817,-3.0291262135922103,0.5631067961165078,-0.8349514563106805,-0.42718446601946236,-0.9126213592233487,-0.33009708737865595,-0.3106796116504726,1.7281553398058538
0.26,79.20833333333339,-0.20833333333333404,-2.791666666666684,0.6666666666666602,-0.5416666666666587,-0.5000000000000163,-0.7499999999999988,-0.45833333333335075,-0.4583333333333235,1.499999999999995
0.27,79.43589743589747,-0.205128205128205,-3.025641025641034,0.6153846153846025,-0.358974358974335,-0.5128205128205472,-0.6666666666666828,-0.5128205128205336,-0.5128205128205147,1.230769230769259
0.28,79.40845070422445,-0.19718309859153574,-3.014084507042323,0.6478873239439037,-0.30985915492915955,-0.3380281690147325,-0.7323943661968719,-0.6478873239438934,-0.7323943661968512,1.2112676056338678
0.29000000000000004,79.2903225806452,-0.19354838709677438,-2.967741935483868,0.9999999999999988,-0.29032258064517574,-0.2903225806451604,-0.2903225806451575,-0.8709677419354848,-0.6451612903225784,1.2258064516129028
0.3,79.99999999999994,-0.1999999999999991,-2.999999999999981,1.0000000000000149,-0.19999999999948556,-0.5999999999999931,-0.6000000000000056,-0.4000000000000744,-0.7999999999999726,1.399999999999454
0.31,80.19999999999996,-0.1999999999999996,-2.800000000000004,0.8000000000000104,-0.19999999999993945,-0.4000000000000686,-0.8000000000000081,-0.39999999999992464,-0.5999999999999864,1.199999999999985
0.32,80.39999999999995,-0.1999999999999988,-2.600000000000014,1.0000000000000056,-0.19999999999994897,-0.5999999999999837,-0.8000000000000086,-0.199999999999933,-0.4000000000000119,0.9999999999999427
0.32999999999999996,80.431372549019585,-0.19607843137254813,-2.627450980392165,1.0588235294117263,-0.11764705882356033,-0.7058823529411762,-0.9019607843137216,-0.27450980392153895,-0.07843137254900678,0.7450980392156638
0.33999999999999997,80.03703703703786,-0.18518518518519772,-2.555555555554924,1.3703703703700623,-0.18518518518520688,-0.6666666666671162,-0.3703703703697567,-0.40740740740754566,-0.07407407407435275,0.6296296296299295
0.35,80.51351351351352,-0.18918918918918937,-2.5135135135135425,1.243243243243251,-0.054054054054071154,-0.8108108108107717,-0.48648648648647763,-0.37837837837837496,-0.05405405405403004,0.5405405405405328
0.36,80.75000000000007,-0.18750000000000072,-2.6875000000000044,1.4374999999999827,-0.1875000000000153,-0.6874999999999906,-0.3750000000000076,-0.37499999999999184,0.06250000000000608,0.3124999999999882
0.37,81.13513513513514,-0.18918918918918917,-2.621621621621634,1.2702702702703839,-0.24324324324324637,-0.837837837837968,-0.5675675675674825,-0.5135135135136111,0.3243243243243276,0.4054054054053689
0.38,81.67123287671241,-0.1917808219178089,-2.6849315068493174,1.0684931506849153,-0.35616438356164704,-1.0136986301369888,-0.5753424657534256,-0.6301369863013885,0.32876712328768193,0.41095890410962066
0.39,81.68749999999999,-0.1874999999999996,-2.6875000000000027,1.0624999999999873,-0.3750000000000056,-1.0624999999999825,-4.523205534192119e-14,-0.5000000000000117,0.18750000000000333,0.3125000000000058
0.4,81.23529411764714,-0.1764705882352958,-2.764705882352913,1.0294117647058465,-0.47058823529409155,-0.9411764705883243,0.08823529411765253,-0.49999999999996203,0.26470588235295667,0.4705882352928002
0.41000000000000003,81.63636363636363,-0.18181818181818188,-2.545454545454549,1.090909090909052,-0.7272727272726263,-0.9090909090909193,9.397383006794622e-15,-0.3636363636364697,0.3636363636363331,0.54545454545448
0.42000000000000004,81.73333333333329,-0.17777777777777753,-2.6222222222222142,0.8000000000000116,-0.31111111111065204,-1.0222222222226696,-0.08888888888888768,-0.5777777777772385,0.3555555555555528,0.2666666666666786
0.43000000000000005,81.88235294117648,-0.17647058823529396,-2.6470588235294166,0.7647058823529547,0.05882352941178298,-0.882352941176377,-0.05882352941175229,-0.5882352941177902,0.2352941176470524,0.3529411764705822
0.44,81.9130434782609,-0.1739130434782612,-2.6086956521739135,0.9565217391304299,0.26086956521739657,-0.9565217391304359,-0.26086956521738797,-0.6086956521739028,0.4347826086956526,0.3478260869565221
0.45,81.6666666666667,-0.16666666666666707,-2.5000000000000044,0.8333333333333333,0.166666666666678,-0.8333333333333277,-0.3333333333333308,-0.3333333333333497,0.49999999999998956,0.6666666666666503
0.46,82.2285714285712,-0.17142857142856716,-2.571428571428636,0.8000000000000304,0.1714285714284711,-0.6857142857143003,-0.39999999999997987,2.2420384986290573e-14,0.40000000000006636,0.45714285714287267
0.47000000000000003,82.51428571428568,-0.17142857142857074,-2.5714285714285734,0.6857142857142905,0.17142857142852722,-0.5714285714285477,-0.22857142857141072,1.4393394554288907e-13,0.34285714285716873,0.2857142857142687
0.48000000000000004,82.85714285714278,-0.1714285714285705,-2.6857142857142744,0.5142857142857105,0.3428571428571762,-0.5714285714286191,-0.2857142857142718,0.11428571428577719,0.3428571428571767,-0.057142857142856364
0.49,82.66666666666666,-0.16666666666666613,-2.388888888888868,0.6666666666665766,0.44444444444443254,-0.722222222222207,-0.33333333333322157,0.27777777777778206,0.3888888888888642,-3.2914595019277073e-14
0.5,82.40000000000003,-0.16000000000000075,-2.1600000000002466,0.87999999999974865,0.4399999999998588,-0.5599999999997224,-0.5599999999997525,0.3600000000001326,0.279999999999855,-0.1199999999993682
0.51,82.55999999999997,-0.15999999999999867,-2.0800000000000187,0.8000000000000221,0.48000000000000403,-0.5600000000000105,-0.6400000000000218,0.24000000000000732,0.31999999999997875,-0.16000000000002382
0.52,82.30769230769236,-0.15384615384615472,-2.0000000000000284,0.9230769230768741,0.4615384615384701,-0.6153846153846043,-0.7692307692307393,0.3076923076922672,0.4615384615384259,-0.15384615384616482
0.53,82.89473684210529,-0.15789473684210542,-2.2631578947368407,1.157894736842074,0.7894736842104954,-0.6842105263157698,-0.8421052631578231,-0.10526315789473879,0.3684210526315796,-0.26315789473617934
0.54,83.6666666666666,-0.1666666666666657,-2.333333333333324,1.0833333333356832,0.9166666666642839,-0.6666666666666597,-0.8333333333333324,-0.3333333333340427,0.25000000000229977,-0.49999999999994177
0.55,83.8333333333333,-0.16666666666666607,-2.333333333333336,0.9999999999999947,0.8333333333323122,-0.5000000000000154,-0.666666666667746,-0.333333333332284,0.3333333333333355,-0.49999999999897315
0.56,83.67999999999996,-0.15999999999999978,-2.3199999999999927,0.8799999999999905,0.8800000000000003,-0.5600000000000122,-0.8000000000000068,-0.2399999999999902,0.2400000000000147,-0.2400000000000218
0.5700000000000001,83.69230769230771,-0.15384615384615458,-2.1538461538461346,0.9230769230769122,0.6153846153846453,-0.7692307692307659,-1.0769230769230829,-0.3076923076923002,0.3076923076923054,5.11516885227439e-13
0.58,83.84615384615387,-0.15384615384615458,-2.153846153846149,0.9230769230769192,0.46153846153848105,-0.46153846153845773,-1.0769230769230798,-0.4615384615384755,0.3076923076923164,0.15384615384612157
0.59,84.15384615384616,-0.1538461538461539,-1.9999999999999987,0.7692307692307941,0.4615384615384678,-0.46153846153844325,-1.0769230769230922,-0.6153846153846166,0.15384615384613365,-0.1538461538461514
0.6,84.30769230769235,-0.15384615384615463,-1.9999999999999525,0.7692307692307849,0.4615384615385311,-0.30769230769231776,-0.9230769230769857,-0.7692307692307696,0.15384615384609993,1.0353760539219717e-14
0.61,84.82539682539701,-0.15873015873016258,-1.8730158730158912,0.5396825396826065,0.5714285714285492,-0.3174603174603308,-1.015873015872968,-0.7619047619047749,0.09523809523817538,0.12698412698408693
0.62,85.35135135135135,-0.16216216216216206,-1.89189189189188,0.6486486486486468,0.3783783783783627,-0.37837837837836846,-0.8648648648648521,-0.9189189189189286,0.16216216216214618,1.4764842370696636e-14
0.63,85.83333333333317,-0.16666666666666466,-1.8333333333333066,0.5000000000000132,0.16666666666671845,-0.3333333333333253,-0.8333333333333582,-0.8333333333333139,0.3333333333333206,-2.931517488443053e-14
0.64,86.16666666666646,-0.16666666666666308,-1.999999999999951,0.5000000000000215,8.669953594217437e-14,-0.33333333333329174,-0.8333333333333642,-0.6666666666666632,0.6666666666665647,0.3333333333332753
0.65,86.33333333333327,-0.16666666666666574,-1.6666666666666974,0.6666666666667005,6.085623215131137e-14,-0.16666666666668223,-0.9999999999999781,-0.666666666666666,0.49999999999999944,0.16666666666664476
0.6599999999999999,86.48648648648647,-0.16216216216216198,-1.9459459459459443,0.8648648648648649,0.21621621621621387,-0.4324324324324385,-1.0810810810810714,-0.4864864864864861,0.5945945945945942,-0.05405405405405657
0.6699999999999999,86.56,-0.15999999999999973,-1.919999999999991,1.0399999999999936,0.16000000000000056,-0.4799999999999887,-1.039999999999987,-0.5600000000000257,0.560000000000001,-0.1599999999999931
0.6799999999999999,87.09090909090956,-0.16363636363636971,-2.090909090909246,0.9818181818182272,0.0909090909092598,-0.5454545454542941,-1.1454545454545841,-0.5636363636367355,0.5999999999997973,-0.09090909090924452
0.69,87.66666666666666,-0.16666666666666644,-2.3333333333333344,1.1666666666666587,0.16666666666687813,-0.4999999999999962,-1.333333333333333,-0.5000000000002113,0.5000000000000014,-0.3333333333333988
0.7,87.63999999999992,-0.1599999999999982,-2.3600000000000367,1.3200000000000143,0.32000000000000606,-0.5599999999999985,-1.4800000000000102,-0.44000000000001394,0.40000000000002167,-0.1599999999999877
0.71,87.99999999999818,-0.15999999999996345,-2.4799999999998983,1.4399999999996964,0.6399999999997829,-0.24000000000036045,-1.6800000000000905,-0.3199999999999493,0.4000000000003415,-0.4000000000003177
0.72,87.84615384615296,-0.15384615384613648,-2.307692307692256,1.384615384615226,0.46153846153905426,-0.23076923076982492,-1.6923076923080884,-0.23076923076857137,0.5384615384614897,-0.6153846153854285
0.73,88.20253164556968,-0.15189873417721592,-2.3291139240506316,1.5189873417721484,0.1265822784810245,-0.10126582278484655,-1.7974683544303809,-0.3037974683544753,0.5063291139240378,-0.6329113924050208
0.74,88.6153846153846,-0.1538461538461536,-2.30769230769229,1.5384615384615588,-0.15384615384612674,-0.15384615384611983,-1.6923076923076148,0.3076923076923077,0.6153846153846715,-0.46153846153858513
0.75,89.19999999999992,-0.15999999999999856,-2.399999999999983,1.4400000000000455,-0.2399999999999922,8.002167656768724e-14,-1.8399999999999517,0.7999999999999086,1.1199999999999488,-0.4800000000000647
0.76,88.71428571428581,-0.1428571428571445,-2.428571428571439,1.2857142857142982,-0.28571428571427054,1.0931924678922813e-14,-1.8571428571428497,0.857142857142848,1.1428571428571452,-0.5714285714285579
0.77,88.39344262296673,-0.13114754098385537,-2.491803278693245,1.5409836065640898,-0.06557377048435281,-0.13114754098385092,-1.3442622950807388,0.819672131130126,1.081967213113011,-0.3934426229515785
0.7799999999999999,89.06666666666658,-0.13333333333333297,-2.3999999999999573,2.000000000000002,-0.2000000000001285,-1.847752353617742e-15,-0.7333333333335689,0.3333333333334693,0.6666666666667227,-0.8000000000000209
0.7899999999999999,89.16129032258067,-0.12903225806451626,-2.5806451612903247,1.999999999999998,0.32258064516127644,-0.06451612903218802,-0.5161290322581072,8.583733716424346e-15,0.7741935483870361,-0.9677419354838884
0.8,89.38461538461539,-0.1282051282051279,-2.4102564102563955,2.153846153845774,0.30769230769229444,0.10256410256411208,-0.46153846153806216,-0.25641025641022624,0.8974358974358967,-0.6923076923076861
0.81,89.33333333333337,-0.12121212121212147,-2.3030303030303227,1.9999999999999858,0.48484848484847115,0.060606060606074666,-0.24242424242421654,-0.3030303030303134,0.666666666666664,-0.36363636363636
0.8200000000000001,89.99999999999999,-0.12499999999999986,-2.124999999999991,2.000000000000011,0.24999999999999953,0.6249999999999758,-0.12500000000001465,-0.3750000000000424,0.3750000000000403,-0.500000000000015
0.8300000000000001,91.85714285714282,-0.14285714285714204,-2.428571428571436,1.8571428571428703,0.14285714285714937,0.5714285714285372,0.2857142857142964,-0.4285714285714338,0.2857142857143113,-0.8571428571428604
0.8400000000000001,92.14285714285694,-0.14285714285713844,-2.4285714285714906,1.7142857142857428,-0.14285714285719409,0.8571428571428661,0.5714285714286362,-0.42857142857141345,0.42857142857151254,-0.714285714285613
0.8500000000000001,91.73913043478227,-0.1304347826086895,-2.3913043478261446,1.565217391304567,-0.13043478260851868,0.8695652173914424,0.6086956521737885,-0.5217391304346661,0.6956521739129161,-0.3043478260869269
0.8600000000000001,92.82758620689646,-0.13793103448275681,-2.7586206896551335,1.8620689655173095,0.06896551724132552,0.9655172413792921,0.551724137930987,-1.0344827586206875,0.7586206896552015,-0.4827586206896701
0.8700000000000001,93.42857142857133,-0.1428571428571422,-2.4285714285714533,2.00000000000003,0.14285714285714524,1.285714285714339,0.285714285714322,-0.28571428571430363,0.5714285714286556,-0.8571428571428951
0.88,93.85714285714275,-0.14285714285714018,-2.14285714285728,2.428571428571315,0.28571428571433655,0.8571428571428757,0.2857142857142604,-5.488131297972415e-14,0.2857142857142754,-1.1428571428570686
0.89,92.5555555555556,-0.11111111111111181,-2.2777777777777786,2.1111111111111067,0.6111111111111321,1.3888888888888886,0.4444444444444325,-0.7222222222222394,0.6111111111111083,-1.6666666666666865
0.9,92.94736842105264,-0.10526315789473742,-2.631578947368426,1.8947368421052804,1.0526315789473704,1.7894736842105514,0.42105263157898426,0.6315789473684097,0.42105263157893297,-1.8947368421053103
0.91,93.04761904761831,-0.09523809523808087,-2.7619047619046504,2.1904761904761543,1.5238095238097789,1.523809523809593,0.4761904761903913,0.6666666666664239,0.2857142857143171,-2.285714285714545
0.92,91.96923076923225,-0.06153846153847746,-3.0461538461540343,2.5230769230765575,2.123076923076958,1.3230769230768171,0.21538461538520723,0.5230769230765258,0.39999999999950553,-2.6153846153846882
0.93,90.00000000000018,-3.631887887790082e-15,-3.9999999999999765,2.9999999999999494,2.0000000000000018,0.9999999999999677,0.9999999999999895,-1.4776681957401037e-14,5.130477202738252e-14,-2.0000000000000107
0.9400000000000001,91.85714285714309,-0.028571428571432703,-3.857142857142945,3.7428571428573396,2.514285714285735,0.71428571428568155,0.4285714285714886,-0.3999999999999543,0.8285714285713991,-1.8857142857143647
0.9500000000000001,92.0000000000001,-2.342332972504903e-15,-4.000000000000011,4.000000000000007,1.9999999999999976,3.920177965492809e-14,-1.8337943427697937e-14,1.9999999999941547,2.1207515737515963e-14,-1.9999999999999734
0.96,94.18518518518506,-0.03703703703703555,-3.5185185185185,4.796296296296231,2.0925925925926623,0.8518518518518402,-1.0370370370369608,0.6666666666667054,0.05555555555561803,-0.7592592592593358
0.97,93.99999999999984,2.3867829528935784e-15,-3.999999999999911,3.9999999999999822,1.999999999999933,1.633052573127175e-13,-4.1196868973915815e-14,-1.0090977636929733e-13,1.9999999999999967,-1.9999999999999718
0.98,95.99999999999999,1.6352965253179448e-16,-3.9999999999999867,5.999999999999998,2.0000000000001137,3.936884395835706e-14,-4.052599643006292e-14,-9.63781217988403e-15,2.0000000000000053,-2.0000000000000275
0.99,98.00000000000007,-6.386551454769483e-16,-4.000000000000032,6.9999999999996465,4.999999999999573,2.0000000000000377,-5.763593291379968e-14,-9.925498370599853e-14,1.0000000000003217,0.9999999999998115
