NHB (insured),NHB (uninsured),NHW (insured),NHW (uninsured)
0.0,0.0,0.0,0.0
0.0,0.0,0.0,0.0
0.0,0.0,0.0,0.0
0.001527151330042263,0.0004841833440929632,0.002083195555849481,0.0025393600812595226
0.0025570905991405333,0.0012911555842479018,0.003670392169830038,0.0030472320975114273
0.004474908548495933,0.003066494512588767,0.0069439851861649365,0.004316912138141189
0.0057534538480662,0.003873466752743706,0.008332782223397924,0.005332656170644997
0.007706786944631886,0.004680438992898645,0.01226770716222472,0.007110208227526663
0.008843271655361012,0.005326016785022595,0.013524237814959329,0.00787201625190452
0.010654544163085556,0.006778566817301485,0.016566364658422063,0.01015744032503809
0.012039634904286679,0.008231116849580375,0.018847959791019112,0.012696800406297613
0.013637816528749512,0.010329244673983214,0.02225381919185239,0.014982224479431183
0.014490180061796356,0.011297611362169141,0.023113550691091857,0.015997968511934992
0.021095997442909402,0.0158166559070368,0.02916473778189273,0.0223463687150838
0.02308484568668537,0.017753389283408652,0.031347133126116,0.02463179278821737
0.025428845402564192,0.018883150419625565,0.03379406123933602,0.02691721686135094
0.02713357246865788,0.020819883795997418,0.036373255737054425,0.029456576942610464
0.030152359981532123,0.022272433828276306,0.0404735136565042,0.03224987303199594
0.0316439961643641,0.023724983860555198,0.04169697771311421,0.03377348908075165
0.03366835955535036,0.026307295029051,0.044706037960452354,0.03682072117826308
0.03537308662144405,0.028405422853453842,0.046524700747305074,0.03732859319451498
0.03793017722058458,0.031149128469980632,0.05029429270550889,0.040883697308278316
0.040167631494832545,0.03211749515816656,0.052774287414853516,0.04291518537328593
0.042831267535603935,0.03373143963847643,0.05641161298855896,0.0452006094464195
0.04425187342401534,0.034538411878631374,0.05760201044904437,0.04647028948704927
0.04847817594203928,0.03776630083925113,0.06279346604060577,0.05104113763331641
0.05099975139396953,0.040187217559715945,0.06547186032669797,0.05281868969019807
0.053840963170792344,0.041801162040025826,0.06900998611202963,0.05535804977145759
0.05600738715061974,0.04373789541639768,0.0711923814562529,0.05815134586084307
0.059665447313279114,0.04777275661717237,0.07453210766483698,0.06043676993397664
0.062009447029157935,0.04987088444157521,0.07651610343231267,0.06272219400711021
0.06637781013602301,0.05213040671400904,0.08121156008200515,0.06399187404773997
0.0685797492630607,0.05422853453841188,0.08329475563785464,0.06653123412899949
0.07149199133430408,0.05858618463524855,0.0861054163084452,0.06907059421025902
0.07419114252228576,0.06020012911555842,0.08861847761391442,0.07211782630777044
0.07760059665447314,0.0632666236281472,0.09195820382249852,0.07516505840528187
0.08022871754803423,0.06552614590058102,0.09367766682097745,0.07668867445403758
0.08427744433000675,0.06859264041316979,0.09834005687454533,0.08125952260030472
0.08704762581240899,0.07117495158166559,0.10075391839164076,0.0835449466734383
0.08956920126433925,0.07311168495803744,0.1038621784273527,0.08583037074657186
0.09170011009695635,0.07440284054228534,0.10650750611732028,0.08811579481970544
0.09571332173171858,0.07617817947062622,0.11080616361351762,0.0914169629253428
0.09773768512270484,0.07795351839896708,0.1129224257654917,0.09370238699847638
0.10107610896047164,0.08069722401549387,0.11636135176244958,0.09674961909598781
0.10334907838192989,0.08150419625564881,0.11860988029892203,0.09878110716099543
0.10629683560038357,0.08408650742414461,0.12201573969975531,0.1015744032503809
0.10867635046347267,0.0855390574564235,0.12456186760134912,0.10360589131538853
0.1121923500372909,0.08876694641704326,0.12856292573242512,0.1053834433722702
0.11450083460595945,0.08989670755326017,0.13028238873090403,0.10716099542915185
0.11734204638278226,0.09231762427372499,0.13438264665035382,0.11122397155916709
0.11908228859608623,0.09393156875403486,0.13712717412869518,0.11350939563230066
0.12160386404801649,0.09651387992253066,0.14063223331790226,0.11528694768918232
0.12316653052526903,0.09780503550677856,0.1428807618543747,0.11706449974606399
0.12664701495187697,0.0999031633311814,0.14585675550558824,0.11833417978669375
0.12792556025144725,0.10119431891542931,0.147510085311818,0.11909598781107161
0.1306602265866392,0.10313105229180117,0.15104821109714966,0.12214321990858304
0.13293319600809744,0.10442220787604907,0.15359433899874347,0.12366683595733875
0.13577440778492028,0.1066817301484829,0.15643806626545864,0.12595226003047233
0.13779877117590653,0.10894125242091672,0.15878579459030487,0.12899949212798376
0.14063998295272934,0.10990961910910264,0.16153032206864626,0.1325545962417471
0.14234471001882304,0.11103938024531956,0.1631175186826268,0.13306246825799897
0.1457896792982207,0.11442866365397031,0.16668871106408306,0.13636363636363635
0.1482047093085201,0.1158812136862492,0.169631638119172,0.13788725241239208
0.1507973150548709,0.11781794706262104,0.17227696580913962,0.1399187404773997
0.15303476932911886,0.12007746933505488,0.17469082732623503,0.14220416455053325
0.1565152537557268,0.1223369916074887,0.17859268566893724,0.14702894870492636
0.15843307170508222,0.12411233053582957,0.18110574697440646,0.14804469273743018
0.16180701069005932,0.12604906391220141,0.1847761391442365,0.1510919248349416
0.16450616187804099,0.12830858618463525,0.18689240129621057,0.1526155408836973
0.16773804027417694,0.1302453195610071,0.18980226175517492,0.15490096495683087
0.16954931278190147,0.131697869593286,0.19155479134977846,0.15718638902996446
0.1726746457364066,0.1342801807617818,0.19499371734673632,0.15820213306246825
0.1747700394218134,0.13605551969012267,0.19671318034521526,0.15997968511934993
0.17746919060979507,0.13783085861846353,0.20008597314992393,0.16251904520060945
0.18041694782824874,0.1392834086507424,0.2028966338205145,0.16455053326561705
0.1831516141634407,0.14138153647514526,0.20603796045235104,0.16582021330624683
0.18521149270163725,0.14315687540348612,0.2082864889888235,0.16785170137125444
0.18826579536172178,0.14557779212395094,0.21169234838965678,0.17089893346876586
0.19064531022481088,0.1475145255003228,0.2133456781958865,0.17343829355002538
0.19377064317931597,0.1499354422207876,0.2167846041928444,0.17470797359065515
0.19586603686472281,0.15171078114912848,0.21962833145955954,0.17699339766378872
0.19835209716944277,0.15316333118140735,0.22233979234177634,0.1802945657694261
0.2009091877685833,0.1554228534538412,0.22478672045499637,0.1825799898425597
0.20360833895656497,0.15703679793415107,0.22786191389458368,0.1856272219400711
0.20538409631707924,0.15865074241446095,0.23014350902718075,0.18765871000507872
0.20790567176900948,0.16026468689477083,0.23282190331327293,0.19019807008633824
0.21007209574883687,0.16187863137508068,0.23523576483036837,0.1929913661757237
0.21316191355613168,0.16397675919948354,0.23804642550095892,0.19451498222447944
0.21593209503853394,0.16510652033570045,0.23986508828781164,0.19553072625698323
0.21873779166814647,0.16752743705616527,0.2435685470537663,0.19781615033011682
0.2210107610896047,0.16897998708844417,0.24581707559023874,0.19959370238699847
0.22395851830805838,0.17010974822466107,0.24862773626082932,0.20238699847638394
0.22662215434882976,0.17140090380890896,0.2517690628926658,0.20441848654139158
0.2294633661256526,0.17349903163331182,0.254612790159381,0.2069578466226511
0.2310970628973257,0.1751129761136217,0.2570266516764764,0.20822752666328084
0.23393827467414852,0.17721110393802453,0.26006877851993915,0.2107668867445404
0.23585609262350393,0.17785668173014849,0.2623503736525362,0.21203656678517013
0.23887488013637817,0.17914783731439637,0.26572316645724486,0.21381411884205181
0.24079269808573356,0.18060038734667527,0.2683354275510879,0.21559167089893347
0.24299463721277126,0.18124596513879923,0.27065008927980955,0.2171152869476892
0.24462833398444436,0.18237572627501614,0.27313008398915417,0.2186389029964449
0.24736300031963632,0.184151065203357,0.2760399444481185,0.2206703910614525
0.24942287885783287,0.18657198192382182,0.278123140003968,0.22346368715083798
0.2516958482792911,0.18737895416397676,0.2804378017326896,0.2270187912646013
0.25322299960933337,0.1883473208521627,0.28291779644203424,0.22955815134586086
0.2553894235891608,0.18963847643641057,0.2852655247668805,0.23158963941086846
0.25744930212735734,0.18996126533247257,0.2873156537266054,0.23362112747587607
0.2607877259651241,0.19222078760490638,0.2909199127041862,0.23590655154900966
0.26288311965053096,0.19399612653324724,0.29287084187553736,0.2371762315896394
0.2656177859857229,0.19625564880568108,0.29545003637325573,0.24073133570340274
0.2678197251127606,0.197546804389929,0.29710336617948546,0.24174707973590656
0.2700571793870086,0.2014202711426727,0.2995502942927055,0.2430167597765363
0.2716553610114714,0.20351839896707552,0.3014020236756828,0.24555611985779582
0.2737862698440885,0.20577792123950936,0.30384895178890287,0.24784154393092941
0.2759526938239159,0.20674628792769528,0.3062297467098737,0.250126968004063
0.2787583904535284,0.20900581020012912,0.3095364063223332,0.2531742001015744
0.2812089356110381,0.21094254357650097,0.31185106805105484,0.25495175215845606
0.2838725716518095,0.21287927695287281,0.31495932808676674,0.25723717623158965
0.2857193593067443,0.2143318269851517,0.31710865683486544,0.25901472828847133
0.2882054196114643,0.2157843770174306,0.32005158388995436,0.2610462163534789
0.289661540647086,0.21659134925758555,0.3215726473116857,0.2623158963941087
0.2923962069822779,0.2185280826339574,0.3250115733086436,0.26409344845099036
0.2950953581702596,0.22014202711426728,0.32805370015210633,0.26536312849162014
0.2978655396526619,0.22191736604260814,0.33059982805370014,0.2676485525647537
0.29978335760201724,0.223692704970949,0.33208782487930694,0.26841036058913154
0.3018787512874241,0.22514525500322788,0.3341048872429072,0.27120365667851704
0.30386759953120007,0.22724338282763074,0.3361219496065075,0.2739969527679025
0.30667329616081257,0.22885732730794062,0.33856887771972755,0.2760284408329101
0.309336932201584,0.2301484828921885,0.3407843396600754,0.27831386490604365
0.31160990162304225,0.2316010329244674,0.34326433436942,0.2785678009141696
0.31370529530844904,0.2328921885087153,0.34577739567488924,0.2798374809547994
0.31583620414106617,0.2343447385409942,0.34891872230672577,0.2823768410360589
0.3177185069432113,0.23531310522918011,0.35083658488195224,0.2854240731335703
0.32016905210072094,0.23741123305358294,0.35371337874479203,0.28745556119857796
0.3219803246084455,0.23967075532601678,0.3558627074928907,0.28974098527171155
0.3247149909436375,0.24112330535829568,0.35797896964486475,0.2920264093448451
0.32656177859857227,0.24193027759845062,0.36035976456583557,0.29329608938547486
0.32904783890329226,0.24370561652679149,0.3632696250247999,0.29608938547486036
0.3309301417054374,0.24531956100710137,0.3648568216387805,0.2973590655154901
0.3332386262741059,0.2472562943834732,0.36796508167449243,0.29964448958862366
0.33547608054835387,0.2485474499677211,0.3701144104225911,0.30142204164550535
0.33792662570586357,0.25032278889606197,0.3723629389590635,0.30192991366175725
0.33984444365521893,0.25177533892834086,0.37510746643740495,0.3052310817673946
0.34204638278225663,0.2529051000645578,0.3783479928576152,0.30827831386490606
0.34368007955392976,0.2538734667527437,0.3800674558560942,0.30980192991366173
0.3461306247114394,0.2559715945771465,0.38277891673831094,0.31030980192991364
0.34794189721916396,0.2579083279535184,0.3855565108127769,0.3123412899949213
0.34946904854920624,0.25952227243382825,0.38820183850274453,0.31411884205180296
0.35071207870156623,0.26016785022595224,0.3897890351167251,0.31564245810055863
0.35298504812302445,0.26129761136216917,0.3922028966338205,0.3174200101574403
0.354547714600277,0.262750161394448,0.3935586270749289,0.3186896901980701
0.35660759313847357,0.26404131697869593,0.39580715561140134,0.3207211782630777
0.3582412899101467,0.2656552614590058,0.3976919515905033,0.3222447943118334
0.3597684412401889,0.26823757262750164,0.399510614377356,0.3250380904012189
0.3612955925702312,0.26888315041962557,0.4014946101448317,0.3268156424581006
0.3629648044891146,0.26985151710781147,0.40371007208517956,0.3285931945149822
0.3642433497886849,0.27162685603615233,0.40549566827590766,0.329608938547486
0.36644528891572253,0.27291801162040025,0.4079095297930031,0.33164042661249366
0.36861171289554995,0.27453195610071013,0.4100588585411018,0.3331640426612494
0.3704229854032745,0.275984506132989,0.412406586865948,0.3367191467750127
0.3723763184998402,0.2779212395093609,0.4139937834799286,0.33849669883189437
0.37503995454061156,0.2798579728857327,0.41647377818927317,0.33976637887252414
0.37727740881485955,0.28098773402194965,0.41802790820712915,0.3417978669375317
0.37962140853073834,0.28211749515816653,0.4204417697242246,0.34433722701879127
0.3814681961856732,0.28389283408650745,0.4228225646451954,0.34611477907567295
0.383314983840608,0.2845384118786314,0.4250380265855433,0.34814626714068053
0.38519728664275316,0.2858295674628793,0.42728655512201574,0.3499238191975622
0.38747025606421137,0.2869593285990962,0.4300641491964817,0.35017775520568817
0.38899740739425365,0.2884118786313751,0.43178361219496064,0.3517013712544439
0.39073764960755764,0.289541639767592,0.4339660075391839,0.35297105129507367
0.39322370991227756,0.29131697869593287,0.436247602671781,0.35551041137633316
0.394892921831161,0.29276952872821177,0.4387275973811256,0.35881157948197057
0.3965266186028341,0.2948676565526146,0.4406123933602275,0.36033519553072624
0.39844443655218953,0.2963202065848935,0.44279478870445077,0.36312849162011174
0.3997940121461803,0.29761136216914136,0.44458038489517887,0.3649060436769934
0.4018183755371666,0.2984183344092963,0.44752331195026784,0.36617572371762314
0.40437546613630715,0.3000322788896062,0.44930890814099594,0.366937531742001
0.40696807188265793,0.30293737895416395,0.4519873024270882,0.36896901980700864
0.4088148595375928,0.30438992898644285,0.45407049798293764,0.36998476383951245
0.41133643498952305,0.3061652679147837,0.45678195886515444,0.3712544438801422
0.41360940441098126,0.3077792123950936,0.4586336882481317,0.37201625190452003
0.41556273750754696,0.30874757908327954,0.46104754976522716,0.37531742001015744
0.4172319494264304,0.3098773402194964,0.463428344686198,0.37684103605891317
0.41897219163973437,0.3114912846998063,0.4659414059916672,0.37760284408329103
0.4207479490002486,0.3131052291801162,0.4676278023940216,0.37938039614017266
0.42255922150797315,0.31504196255648803,0.469876330930494,0.38065007618080243
0.424157403132436,0.31633311814073595,0.4717280603134713,0.3814118842051803
0.42628831196505307,0.3181084570690768,0.47354672310032403,0.38344337227018793
0.42806406932556734,0.31907682375726276,0.475266186098803,0.38395124428643984
0.4306211599247079,0.32052937378954166,0.4773824482507771,0.3862366683595734
0.43239691728522217,0.3219819238218205,0.4792011110376298,0.3867445403758253
0.4342081897929467,0.32311168495803744,0.48135043978572845,0.39029964448958865
0.43594843200625066,0.32440284054228535,0.4831360359764566,0.3918232605383443
0.43765315907234437,0.32601678502259523,0.48512003174393226,0.3946165566277298
0.4396420073161203,0.3271465461588121,0.48720322729978177,0.39614017267648555
0.44141776467663457,0.3279535183989671,0.48922028966338205,0.3979177247333672
0.44294491600667685,0.329083279535184,0.49054295350836585,0.39867953275774504
0.4447206733671911,0.3298902517753389,0.4936181469479532,0.39969527679024885
0.4463188549916539,0.33118140735958684,0.49513921036968456,0.4009649568308786
0.4478104911744859,0.3332795351839897,0.4974538720984062,0.40299644489588626
0.4495507333877899,0.3339251129761136,0.49887573573176375,0.40401218892839
0.45136200589551445,0.3352162685603615,0.5011573308643609,0.40553580497714575
0.4531022481088184,0.3360232408005165,0.5030090602473382,0.4068054850177755
0.4545228539972298,0.33876694641704325,0.5053237219760598,0.40782122905027934
0.4560144901800618,0.3395739186571982,0.5072415845512863,0.40832910106653125
0.4581453990126789,0.34102646868947706,0.5091925137226374,0.4106145251396648
0.46059594417018856,0.342317624273725,0.5113087758746114,0.4116302691721686
0.4629399438860674,0.3445771465461588,0.5136565041994577,0.414931437277806
0.46450261036331997,0.3458683021304067,0.5153429006018121,0.41670898933468764
0.4663493980182548,0.34667527437056167,0.5174591627537861,0.4187404773996953
0.4681961856731896,0.3474822466107166,0.5191455591561405,0.41950228542407314
0.4696878218560216,0.34909619109102646,0.5211626215197408,0.4207719654647029
0.4714280640693256,0.35054874112330536,0.5229151511143443,0.4222955815134586
0.473097275988209,0.3518398967075533,0.524403147939951,0.42356526155408836
0.47508612423198493,0.35361523563589414,0.5265194100919252,0.4261046216353479
0.47700394218134035,0.35442220787604906,0.5287018054361484,0.4291518537328593
0.4790283055723266,0.35506778566817304,0.5301898022617552,0.42991366175723716
0.4809106083744717,0.3563589412524209,0.5320084650486079,0.4314372778059929
0.4827929111766168,0.35813428018076177,0.533959394219959,0.4344845099035043
0.4844976382427105,0.3594254357650097,0.5356457906223133,0.4355002539360081
0.4858116986894911,0.36103938024531956,0.5376959195820382,0.43702386998476384
0.487551940902795,0.36249193027759846,0.5397791151378877,0.4395632300660234
0.4893632134105196,0.36410587475790834,0.5417631109053634,0.4418486541391569
0.49085484959335157,0.3652356358941252,0.5435817736922162,0.44337227018791264
0.49259509180665556,0.3668495803744351,0.5449705707294491,0.4451498222447943
0.49440636431438006,0.36862491930277597,0.5473844322465445,0.44667343829355005
0.49635969741094577,0.3697546804389929,0.5486409628992791,0.44794311833417977
0.49809993962424975,0.3710458360232408,0.550691091859004,0.45073641442356527
0.4995205455126612,0.37298256939961266,0.5520468223001124,0.45200609446419504
0.5012252725787548,0.3747579083279535,0.5539316182792143,0.45302183849669886
0.5028944844976383,0.3763718528082634,0.5553865485086965,0.45454545454545453
0.5045636964165217,0.3776630083925113,0.557469744064546,0.4563230066023362
0.506232908335405,0.3786313750806972,0.5591230738707758,0.4581005586592179
0.5083283020208119,0.37959974176888317,0.5606441372925071,0.4601320467242255
0.5097489079092233,0.3802453195610071,0.5626281330599828,0.46089385474860334
0.5122349682139432,0.38137508069722403,0.5652073275577012,0.4621635347892331
0.5139396952800369,0.3826662362814719,0.5665961245949342,0.4634332148298629
0.5158930283766027,0.3842801807617818,0.5687785199391575,0.4657186389029964
0.5177398160315374,0.3852485474499677,0.5703326499570134,0.4674961909598781
0.5193379976560003,0.38637830858618466,0.5720521129554924,0.46800406297613
0.5208651489860425,0.3884764364105875,0.573639309569473,0.4690198070086338
0.522534360904926,0.39041316978695934,0.575590238740824,0.4702894870492636
0.5241325425293888,0.39122014202711425,0.5770121023741817,0.4720670391061452
0.5257662393010619,0.39267269205939315,0.5788638317571589,0.47308278313864904
0.5270447846006322,0.3938024531956101,0.5802526287943919,0.4738445911630269
0.5286074510778848,0.39493221433182696,0.5819059586006217,0.4743524631792788
0.5303121781439784,0.3957391865719819,0.5830302228688579,0.47536820721178263
0.5318038143268103,0.39654615881213684,0.5855102175782025,0.4776536312849162
0.5332954505096423,0.3971917366042608,0.5870974141921831,0.4791772473336719
0.5342543594843201,0.3981601032924467,0.5885192778255406,0.4809547993905536
0.5356039350783109,0.39945125887669464,0.5899411414588982,0.4819705434230574
0.5374152075860354,0.4002582311168496,0.5918590040341247,0.4819705434230574
0.5385872074439748,0.4013879922530665,0.5935454004364791,0.4829862874555612
0.5400078133323862,0.4028405422853454,0.5955293962039547,0.48527171152869475
0.5412153283375359,0.40445448676565526,0.5972157926063091,0.4867953275774505
0.5429200554036296,0.4054228534538412,0.5987699226241651,0.489588623666836
0.5446602976169336,0.4065526145900581,0.6002909860458965,0.4906043676993398
0.5465070852718684,0.40848934796642994,0.6022749818133721,0.4926358557643474
0.5479276911602798,0.4092963202065849,0.6039613782157265,0.49390553580497715
0.5497034485207941,0.4109102646868948,0.6058461741948283,0.4959370238699848
0.5515147210285186,0.41139444803098774,0.6073011044243105,0.49746063991874045
0.5532549632418227,0.41284699806326663,0.6088552344421665,0.4984763839512443
0.5548531448662855,0.4139767591994835,0.6103101646716487,0.5
0.5565933870795895,0.4159134925758554,0.612327227035249,0.5010157440325038
0.5578364172319494,0.4160748870238864,0.6133853581112361,0.5033011681056374
0.5594701140036226,0.4186571981923822,0.6152040208980888,0.5043169121381412
0.5609617501864546,0.4196255648805681,0.6162621519740757,0.5060944641950229
0.562382356074866,0.42027114267269206,0.6178493485880563,0.5071102082275266
0.5636253862272259,0.420916720464816,0.6193373454136631,0.5081259522600304
0.5654011435877402,0.42253066494512587,0.621387474373388,0.5099035043169121
0.5666086585928899,0.42333763718528084,0.6230077375834931,0.5109192483494159
0.5683489008061938,0.42430600387346673,0.6247602671780967,0.5114271203656678
0.5701246581667081,0.42575855390574563,0.6259506646385821,0.5129507364144236
0.5719004155272224,0.42688831504196256,0.6276370610409364,0.5137125444388014
0.5735696274461057,0.42721110393802453,0.6292573242510416,0.5147282884713053
0.5749547181873069,0.42785668173014846,0.631175186826268,0.5157440325038091
0.5759136271619846,0.42947062621045834,0.6322994510945044,0.5170137125444388
0.577334233050396,0.43092317624273724,0.6340850472852324,0.5177755205688167
0.5788613843804382,0.43221433182698515,0.6354738443224655,0.5187912646013204
0.5803530205632702,0.43302130406714007,0.6368626413596984,0.520822752666328
0.581809141598892,0.43350548741123307,0.63795383903181,0.5215845606907059
0.5831587171928828,0.434151065203357,0.6396402354341644,0.5220924327069578
0.5847213836701353,0.43479664299548093,0.6412935652403942,0.5243778567800914
0.5862840501473878,0.43608779857972885,0.6432444944117452,0.5256475368207212
0.5880242923606919,0.43754034861200775,0.6446002248528536,0.5271711528694769
0.589160777071421,0.4386701097482247,0.6460551550823358,0.5299644489588624
0.5899776254572575,0.4407682375726275,0.6475762185040672,0.5312341289994922
0.5920375039954541,0.4422207876049064,0.6492626149064216,0.5322498730319959
0.5936712007671272,0.44286636539703034,0.650287679386284,0.5330116810563738
0.5951628369499592,0.4436733376371853,0.6521063421731367,0.5345352971051295
0.5961927762190574,0.4448030987734022,0.6537596719793665,0.5358049771457593
0.5972937457825763,0.44544867656552617,0.6549500694398519,0.537074657186389
0.5985722910821465,0.4459328599096191,0.6560412671119635,0.5380904012188928
0.5994956849096139,0.4462556488056811,0.6575953971298194,0.5398679532757745
0.6007742302091842,0.447546804389929,0.6589511275709279,0.5413915693245303
0.6014845331533899,0.4488379599741769,0.6609351233384035,0.5431691213814119
0.6024079269808573,0.44932214331826986,0.6622908537795119,0.5439309294057897
0.6037219874276379,0.4499677211103938,0.663679650816745,0.5452006094464195
0.605107078168839,0.45093608779857974,0.6648039150849812,0.5459624174707973
0.6064921689100401,0.4514202711426727,0.6660935123338404,0.5467242254951752
0.6073090172958767,0.4520658489347966,0.6671516434098274,0.547739969527679
0.6083744717121853,0.4528728211749516,0.6686396402354342,0.5482478415439309
0.6096885321589658,0.45448676565526147,0.6699953706765426,0.5490096495683088
0.6113222289306389,0.4557779212395094,0.6710865683486542,0.5512950736414424
0.6123521681997371,0.4565848934796643,0.6720124330401428,0.5523108176739462
0.6137372589409383,0.45771465461588123,0.6737318960386218,0.5545962417470798
0.6151223496821394,0.4588444157520981,0.6748892269029826,0.5561198577958355
0.6166495010121817,0.45981278244028406,0.6763772237285893,0.5568816658202133
0.6179280463117519,0.461103938024532,0.6774022882084518,0.5576434738445911
0.6192421067585325,0.4630406714009038,0.6790225514185569,0.5586592178770949
0.6205916823525234,0.46384764364105874,0.6805105482441638,0.5601828339258507
0.6219057427993039,0.46610716591349255,0.6817670788968984,0.5614525139664804
0.6227581063323507,0.4672369270497095,0.6829574763573838,0.5617064499746064
0.6238945910430799,0.46788250484183347,0.6846108061636135,0.5629761300152362
0.625031075753809,0.4693350548741123,0.6856028040473514,0.5644997460639919
0.6264161664950101,0.4701420271142673,0.6871238674690827,0.5665312341289995
0.6274816209113186,0.4711103938024532,0.6882481317373189,0.5672930421533774
0.629008772241361,0.47272433828276306,0.6893723960055552,0.5685627221940072
0.6298966509216181,0.473692704970949,0.6901659943125454,0.5708481462671406
0.6309265901907163,0.4748224661071659,0.6920507902916474,0.5733875063484002
0.6319920446070248,0.4762750161394448,0.6931089213676345,0.57465718638903
0.6336612565259083,0.47692059393156877,0.6941670524436214,0.5756729304215338
0.6347977412366375,0.47869593285990963,0.6956219826731036,0.5787201625190452
0.6365024683027312,0.47950290510006455,0.6969446465180874,0.579989842559675
0.6374968924246192,0.4806326662362815,0.6980027775940745,0.5815134586084306
0.6386688922825585,0.4816010329244674,0.6993915746313074,0.5835449466734383
0.6402670739070213,0.4827307940606843,0.7007803716685405,0.5845606907059421
0.6413680434705402,0.4835377663008393,0.7021691687057734,0.5860843067546978
0.6425755584756899,0.4840219496449322,0.7032272997817605,0.5881157948197054
0.6436054977447881,0.48531310522918014,0.7043846306461213,0.590655154900965
0.6445999218666761,0.48628147191736604,0.7055419615104821,0.5924327069578467
0.6455233156941436,0.48757262750161395,0.7068976919515905,0.5931945149822245
0.6466598004048727,0.48837959974176887,0.7082864889888235,0.5942102590147282
0.6478673154100224,0.48902517753389285,0.7096752860260565,0.595733875063484
0.6491103455623823,0.4903163331181407,0.710700350505919,0.5970035551041137
0.6500692545370601,0.49160748870238863,0.7118246147741552,0.5985271711528695
0.6513477998366303,0.4925758553905746,0.7127835460617684,0.6005586592178771
0.6522711936640977,0.49370561652679146,0.7146022088486211,0.6015744032503809
0.6531945874915651,0.4949967721110394,0.7157264731168573,0.6023362112747588
0.6541534964662429,0.49661071659134925,0.716817670788969,0.6030980192991366
0.6548993145576588,0.49790187217559717,0.7177435354804577,0.6043676993397664
0.6559647689739674,0.49887023886378307,0.7190331327293168,0.6053834433722702
0.6569236779486451,0.4991930277598451,0.7201243304014284,0.6058913153885221
0.6578825869233228,0.500484183344093,0.7214800608425369,0.6069070594210259
0.6585573747203182,0.5017753389283409,0.7225381919185239,0.6071609954291518
0.659409738253365,0.5020981278244029,0.7237616559751339,0.6091924834941594
0.6601910714919913,0.5027437056165268,0.7243899213015013,0.6104621635347892
0.6611499804666691,0.5033892834086507,0.7258117849348588,0.6119857795835449
0.6616116773804027,0.5045190445448676,0.7270683155875934,0.6130015236160488
0.6626061015022907,0.5054874112330536,0.728324846240328,0.6137633316404266
0.6639556770962816,0.5075855390574564,0.7296475100853118,0.6152869476891824
0.664879070923749,0.5083925112976113,0.730937107334171,0.6165566277298121
0.6657669496040061,0.5096836668818593,0.7319621718140334,0.6183341797866938
0.6666548282842633,0.5109748224661071,0.7334171020435156,0.6208735398679532
0.6673296160812586,0.5114590058102001,0.7346074995040011,0.6226510919248349
0.6681819796143055,0.512911555842479,0.7361946961179816,0.6236668359573387
0.6691053734417729,0.513557133634603,0.7376165597513392,0.6246825799898426
0.6700997975636609,0.5151710781149128,0.7389061570001983,0.6262061960385983
0.6708811308022872,0.5156552614590059,0.7397989550955625,0.6267140680548502
0.6720531306602265,0.5161394448030988,0.7409232193637987,0.6274758760792281
0.6726213730155911,0.5169464170432537,0.7417829508630381,0.6289994921279838
0.67372234257911,0.5182375726275016,0.7432378810925203,0.6300152361604876
0.6749298575842597,0.5185603615235636,0.7445605449375041,0.6305231081767395
0.6758887665589374,0.5193673337637186,0.7454864096289928,0.6317927882173692
0.6765635543559329,0.5201743060038735,0.7464122743204814,0.633062468257999
0.6779486450971339,0.5206584893479664,0.747503471992593,0.6340782122905028
0.6785168874524985,0.5221110393802453,0.7485616030685801,0.6361097003555104
0.6794402812799659,0.5229180116204003,0.7500826664903115,0.638141188420518
0.6805057356962745,0.5235635894125242,0.7509754645856755,0.6399187404773997
0.6810029477572185,0.5242091672046482,0.7521989286422855,0.6414423565261554
0.6821394324679476,0.5245319561007101,0.7532570597182726,0.6419502285424074
0.6832404020314664,0.5251775338928341,0.754282124198135,0.6434738445911631
0.6840217352700927,0.5261459005810201,0.7550426559090008,0.6449974606399187
0.6851227048336115,0.527114267269206,0.7563322531578599,0.6455053326561706
0.6856554320417658,0.5282440284054228,0.7569935850803519,0.6462671406805485
0.6864012501331818,0.5292123950936087,0.7579525163679651,0.6475368207211782
0.6871115530773875,0.5305035506778567,0.7588453144633291,0.6482986287455561
0.6881059771992755,0.5313105229180116,0.7599365121354408,0.6505840528186897
0.6889228255851121,0.5324402840542285,0.7607962436346802,0.6515997968511935
0.6898107042653692,0.5337314396384765,0.762284240460287,0.6531234128999492
0.6902724011791029,0.5345384118786314,0.7632101051517757,0.6551549009649569
0.6909827041233086,0.5356681730148483,0.7640698366510151,0.6556627729812088
0.6915509464786731,0.5366365397030343,0.7649957013425038,0.6564245810055865
0.6922612494228788,0.5374435119431892,0.7663514317836122,0.6587100050787201
0.6929360372198743,0.5374435119431892,0.7672772964751009,0.6599796851193499
0.6935042795752389,0.5385732730794061,0.7686991601084584,0.6599796851193499
0.6941790673722342,0.53921885087153,0.7695588916076979,0.6620111731843575
0.6947117945803886,0.5398644286636539,0.7706831558759342,0.6627729812087354
0.6953865823773839,0.540348612007747,0.7714767541829244,0.6632808532249873
0.6962744610576411,0.5413169786959329,0.7726671516434098,0.664804469273743
0.6968071882657954,0.5422853453841188,0.7733615501620263,0.6663280853224988
0.6972688851795291,0.5432537120723047,0.7740559486806429,0.6681056373793804
0.6980502184181553,0.5443834732085217,0.7746180808147609,0.6691213814118842
0.6987960365095713,0.5450290510006456,0.7756431452946234,0.6696292534281361
0.6995418546009873,0.5458360232408005,0.7764036770054891,0.670137125444388
0.7000390666619313,0.5463202065848934,0.7771972753124793,0.6711528694768918
0.7010334907838193,0.5472885732730794,0.7776932742543483,0.6721686135093956
0.7021344603473382,0.5484183344092963,0.7785530057535878,0.6739461655662773
0.702986823880385,0.5497094899935442,0.7794788704450764,0.675723717623159
0.7036971268245907,0.5511620400258231,0.7803716685404405,0.6767394616556628
0.7043363994743759,0.5518076178179471,0.7809999338668078,0.6790248857287964
0.705224278154633,0.55229180116204,0.782124198135044,0.6815642458100558
0.7057570053627872,0.552775984506133,0.7833807287877785,0.6820721178263077
0.7064673083069929,0.5535829567462879,0.7841743270947689,0.6833417978669375
0.7073551869872501,0.5545513234344739,0.7851993915746313,0.6843575418994413
0.7079589444898249,0.5553582956746288,0.7859268566893723,0.6851193499238192
0.7088113080228717,0.5556810845706908,0.7868857879769856,0.686389029964449
0.7096991867031289,0.5564880568108457,0.7875801864956021,0.6871508379888268
0.7104450047945449,0.5571336346029696,0.7881092520335956,0.6896901980700864
0.71108427744433,0.5581020012911556,0.7888697837444614,0.6922295581513459
0.7118300955357459,0.5587475790832795,0.7897295152437008,0.6934992381919757
0.7124693681855311,0.5602001291155584,0.7906884465313141,0.6934992381919757
0.7129665802464751,0.5611684958037444,0.7910852456848092,0.6950228542407313
0.7136413680434706,0.5618140735958683,0.7919119105879241,0.696546470289487
0.7143871861348865,0.5624596513879923,0.7927055088949143,0.6975622143219908
0.7148843981958305,0.5635894125242091,0.7935983069902784,0.6985779583544947
0.7153105799623539,0.5640735958683021,0.7941604391243965,0.6990858303707466
0.7163760343786625,0.5645577792123951,0.7950201706236361,0.7003555104113763
0.716944276734027,0.5650419625564881,0.7955823027577541,0.7006094464195023
0.7178676705614945,0.566333118140736,0.7963097678724952,0.7011173184357542
0.7185069432112796,0.5669786959328599,0.7968057668143641,0.7018791264601321
0.7191462158610648,0.5676242737249838,0.7975662985252299,0.7028948704926359
0.719927549099691,0.5682698515171078,0.798525229812843,0.7039106145251397
0.7207088823383173,0.5690768237572628,0.7996825606772039,0.7051802945657695
0.721170579252051,0.5697224015493867,0.8002777594074466,0.7056881665820214
0.7214547004297333,0.5710135571336346,0.8011044243105615,0.7059421025901473
0.7220229427850978,0.5721433182698515,0.8017326896369288,0.707465718638903
0.7228042760237241,0.5729502905100065,0.8025924211361682,0.7087353986795327
0.7235500941151402,0.5737572627501614,0.8032537530586601,0.7102590147282885
0.7240828213232944,0.5744028405422853,0.8040142847695259,0.7112747587607923
0.7245445182370281,0.5748870238863784,0.8048740162687653,0.7122905027932961
0.7254679120644955,0.5758553905745643,0.8056676145757555,0.712544438801422
0.7262137301559115,0.5765009683666882,0.8065604126711197,0.713052310817674
0.7267109422168555,0.5768237572627501,0.8073540109781099,0.7140680548501778
0.7269595482473274,0.5774693350548741,0.8078169433238542,0.7148298628745556
0.7276343360443229,0.5782763072950291,0.8085444084385953,0.7150837988826816
0.7282025783996875,0.578921885087153,0.809139607168838,0.7166074149314373
0.7287353056078417,0.578921885087153,0.8099662720719529,0.718638902996445
0.7292325176687857,0.579244673983215,0.8106276039944448,0.7191467750126967
0.7297297297297297,0.5802130406714009,0.8112889359169367,0.7201625190452006
0.730262456937884,0.5805358295674629,0.8118841346471795,0.7204164550533265
0.7308662144404589,0.5811814073595868,0.8125454665696713,0.7216861350939563
0.7311858507653515,0.5816655907036798,0.8132729316844124,0.7229558151345861
0.7317185779735057,0.5826339573918657,0.8141987963759011,0.7237176231589639
0.7320737294456086,0.5832795351839897,0.8145955955293962,0.7242254951752158
0.7323933657705011,0.5837637185280826,0.8154222604325111,0.7249873031995937
0.7328195475370245,0.5844092963202066,0.8163150585278751,0.7257491112239716
0.7331746990091274,0.5847320852162685,0.8170755902387409,0.7262569832402235
0.7336008807756508,0.5855390574564235,0.817803055353482,0.7270187912646013
0.7339560322477536,0.5863460296965785,0.8183321208914754,0.7277805992889792
0.7344532443086976,0.5869916074887024,0.8188611864294689,0.728796343321483
0.7349149412224314,0.5881213686249193,0.8196217181403347,0.7295581513458609
0.7352700926945342,0.5886055519690123,0.8199854506977052,0.7305738953783647
0.7355542138722165,0.5892511297611362,0.8205145162356987,0.7305738953783647
0.7360514259331605,0.5898967075532602,0.8208451821969447,0.7313357034027425
0.7364065774052634,0.5902194964493221,0.821473447523312,0.7315896394108684
0.7366906985829457,0.5908650742414461,0.8219363798690563,0.7328593194514982
0.7369393046134176,0.591672046481601,0.8226307783876727,0.734128999492128
0.737365486379941,0.592963202065849,0.8231929105217909,0.7351447435246318
0.7377916681464645,0.5931245965138799,0.8239534422326565,0.7361604875571356
0.7380047590297262,0.5932859909619109,0.8243833079822763,0.7366683595733875
0.7384664559434598,0.5940929632020658,0.8248462403280207,0.7379380396140173
0.7388926377099833,0.5944157520981278,0.8255075722505125,0.7384459116302692
0.7394608800653478,0.5945771465461588,0.8261358375768798,0.7389537836465211
0.7398870618318713,0.5958683021304068,0.8264003703458765,0.7399695276790249
0.740100152715133,0.5961910910264687,0.8267310363071225,0.7407313357034028
0.740597364776077,0.5961910910264687,0.8273923682296145,0.7414931437277806
0.7413786980147032,0.5966752743705617,0.8282190331327293,0.7422549517521585
0.7416628191923855,0.5971594577146546,0.8283843661133523,0.7430167597765364
0.742337606989381,0.5976436410587476,0.8290126314397196,0.7437785678009141
0.7427637887559044,0.5982892188508715,0.8296408967660869,0.7440325038090401
0.743332031111269,0.5992575855390575,0.8304675616692018,0.7447943118334179
0.7434740917001101,0.5994189799870885,0.8310627603994445,0.7455561198577958
0.7437937280250027,0.5999031633311814,0.8315587593413134,0.7455561198577958
0.7442199097915261,0.6003873466752744,0.8320547582831823,0.7468257998984256
0.7444685158219981,0.6007101355713363,0.8327491568017988,0.7470797359065515
0.7448591824413112,0.6018398967075532,0.8333112889359169,0.7475876079228034
0.7453208793550449,0.6024854744996773,0.8341710204351565,0.7475876079228034
0.7456405156799375,0.6024854744996773,0.8347000859731499,0.7483494159471813
0.7462442731825123,0.6029696578437702,0.8353283512995172,0.7493651599796851
0.7466704549490357,0.6037766300839251,0.8357912836452616,0.749873031995937
0.7469900912739283,0.6044222078760491,0.836320349183255,0.750126968004063
0.7473452427460312,0.604906391220142,0.8368494147212486,0.7508887760284408
0.7476648790709237,0.605390574564235,0.8372462138747437,0.7516505840528187
0.747949000248606,0.6058747579083279,0.8376760796243635,0.7516505840528187
0.748197606279078,0.606358941252421,0.8383704781429799,0.7524123920771966
0.7484106971623398,0.6066817301484829,0.8389326102770981,0.7524123920771966
0.7487303334872323,0.6070045190445449,0.8395939421995899,0.7526663280853225
0.748943424370494,0.6071659134925759,0.8398584749685868,0.7536820721178263
0.7493696061370174,0.6074887023886378,0.8404536736988294,0.7536820721178263
0.7496537273146997,0.6076500968366688,0.8409166060445737,0.7541899441340782
0.7499733636395923,0.6082956746287927,0.8414787381786919,0.7544438801422042
0.7502929999644848,0.6084570690768237,0.8418424707360624,0.755459624174708
0.7506126362893775,0.6087798579728857,0.8425699358508035,0.755459624174708
0.7510033029086906,0.6097482246610717,0.8428675352159248,0.755459624174708
0.7513584543807934,0.6099096191091027,0.8432974009655446,0.7559674961909599
0.7517846361473168,0.6100710135571337,0.8440248660802857,0.7569832402234636
0.7519622118833682,0.6102324080051647,0.8447192645989022,0.7572371762315896
0.7521397876194197,0.6105551969012266,0.8453475299252695,0.7572371762315896
0.7524594239443122,0.6108779857972886,0.8459427286555122,0.7585068562722194
0.7527790602692048,0.6112007746933505,0.8463395278090073,0.7590147282884713
0.7530631814468871,0.6118463524854745,0.8466701937702533,0.7595226003047232
0.7534893632134105,0.6123305358295674,0.8471331261159977,0.7597765363128491
0.753915544979934,0.6124919302775984,0.8476621916539911,0.760284408329101
0.7541641510104059,0.6126533247256294,0.8478936578268633,0.760538344337227
0.7544482721880882,0.6131375080697224,0.8483565901726077,0.760538344337227
0.7547323933657705,0.6134602969657844,0.8487864559222273,0.760792280345353
0.754909969101822,0.6137830858618464,0.8494477878447193,0.760792280345353
0.7551230599850837,0.6139444803098774,0.8499437867865882,0.7613001523616049
0.7555847568988173,0.6141058747579083,0.8504067191323326,0.7615540883697308
0.755797847782079,0.6144286636539703,0.8508365848819522,0.7623158963941087
0.7559399083709202,0.6147514525500323,0.851101117650949,0.7628237684103606
0.7561885144013922,0.6150742414460942,0.8514648502083195,0.7633316404266125
0.7563305749902334,0.6152356358941252,0.8517955161695655,0.7643473844591163
0.7566857264623362,0.6157198192382182,0.8522253819191853,0.7643473844591163
0.7569343324928082,0.6165267914783732,0.852655247668805,0.7648552564753682
0.7571829385232802,0.6168495803744352,0.8530520468223001,0.7653631284916201
0.7573249991121214,0.6171723692704971,0.8534157793796706,0.766124936515998
0.7576446354370139,0.617817947062621,0.8539117783215395,0.7666328085322499
0.7579287566146962,0.618302130406714,0.8542424442827855,0.7666328085322499
0.7581418474979579,0.6189477081988379,0.8546392434362806,0.7676485525647537
0.7583904535284298,0.6194318915429309,0.8550029759936512,0.7681564245810056
0.7586390595589019,0.6200774693350549,0.8554659083393955,0.7684103605891316
0.7587100898533224,0.6200774693350549,0.8559619072812644,0.7689182326053834
0.7588166352949532,0.6200774693350549,0.8563917730308842,0.7696800406297613
0.7590652413254253,0.6208844415752098,0.8569208385688777,0.7701879126460132
0.7592073019142664,0.6212072304712718,0.8573507043184975,0.770949720670391
0.7593493625031076,0.6215300193673338,0.8578136366642418,0.770949720670391
0.7594559079447384,0.6215300193673338,0.858045102837114,0.770949720670391
0.7598465745640516,0.6218528082633957,0.8584749685867337,0.7714575926866429
0.7599886351528927,0.6218528082633957,0.8588387011441042,0.7727272727272727
0.7603082714777852,0.6220142027114267,0.8593347000859731,0.7729812087353987
0.7604858472138367,0.6221755971594577,0.8595330996627207,0.7732351447435246
0.7608054835387292,0.6221755971594577,0.8600290986045896,0.7737430167597765
0.7609830592747807,0.6223369916074887,0.8603597645658356,0.7739969527679025
0.7611606350108321,0.6226597805035506,0.8607565637193307,0.7742508887760284
0.7612316653052527,0.6226597805035506,0.8610872296805767,0.7747587607922803
0.7615868167773555,0.6228211749515816,0.8612856292573242,0.7747587607922803
0.7619064531022481,0.6228211749515816,0.8615832286224456,0.7747587607922803
0.7619419682494584,0.6228211749515816,0.8620130943720653,0.7750126968004063
0.7620840288382995,0.6231439638476436,0.8623106937371867,0.7750126968004063
0.7621905742799304,0.6233053582956747,0.8626413596984327,0.7757745048247842
0.7622971197215612,0.6233053582956747,0.862938959063554,0.7757745048247842
0.7625457257520333,0.6239509360877986,0.8634018914092983,0.7760284408329101
0.7627943317825052,0.6247579083279535,0.8637325573705443,0.7760284408329101
0.763256028696239,0.6250806972240155,0.8639309569472918,0.7762823768410361
0.7632915438434492,0.6254034861200775,0.8641954897162886,0.7762823768410361
0.7635401498739213,0.6257262750161394,0.8645261556775345,0.776790248857288
0.763753240757183,0.6260490639122014,0.864823755042656,0.7772981208735399
0.7638242710516036,0.6263718528082634,0.865055221215528,0.7778059928897918
0.7640018467876549,0.6265332472562943,0.8652205541961511,0.7783138649060437
0.7641439073764961,0.6268560361523564,0.8654189537728986,0.7783138649060437
0.7643214831125476,0.6276630083925113,0.8655181535612724,0.7783138649060437
0.7644990588485989,0.6279857972885733,0.8657826863302691,0.7785678009141697
0.7647121497318606,0.6279857972885733,0.8659149527147676,0.7788217369222956
0.7649252406151223,0.6283085861846353,0.8660802856953905,0.7795835449466735
0.7650317860567533,0.6284699806326662,0.8662125520798889,0.7798374809547994
0.7652093617928046,0.6291155584247902,0.8665762846372594,0.7803453529710513
0.765386937528856,0.6291155584247902,0.8667085510217578,0.7805992889791773
0.7654579678232766,0.6292769528728211,0.8668408174062562,0.7805992889791773
0.7657420890009589,0.6292769528728211,0.8670722835791284,0.7805992889791773
0.7659906950314309,0.6294383473208521,0.8673698829442498,0.7808532249873033
0.7660972404730617,0.6294383473208521,0.8676344157132465,0.7808532249873033
0.7661682707674823,0.6297611362169141,0.8680312148667416,0.781361097003555
0.7662037859146926,0.6304067140090381,0.8680973480589909,0.781615033011681
0.7663103313563234,0.6304067140090381,0.8682626810396138,0.781868969019807
0.7665589373867955,0.6307295029051001,0.8684280140202367,0.7821229050279329
0.7668430585644778,0.6308908973531311,0.8687256133853581,0.7826307770441848
0.7670206343005291,0.6308908973531311,0.8687917465776073,0.7828847130523108
0.7672337251837908,0.6310522918011621,0.8690893459427287,0.7831386490604367
0.7673047554782114,0.6310522918011621,0.8693538787117254,0.7833925850685627
0.767375785772632,0.631213686249193,0.869552278288473,0.7839004570848146
0.7675178463614731,0.631697869593286,0.8698498776535943,0.7841543930929405
0.767624391803104,0.631697869593286,0.8700813438264665,0.7841543930929405
0.7676954220975246,0.631697869593286,0.8703128099993387,0.7841543930929405
0.767872997833576,0.632020658489348,0.8704450763838371,0.7844083291010665
0.7679440281279966,0.632020658489348,0.8706434759605847,0.7844083291010665
0.7680505735696275,0.6323434473854099,0.8708749421334567,0.7846622651091925
0.7681926341584686,0.6323434473854099,0.8713048078830765,0.7846622651091925
0.7682636644528892,0.6326662362814719,0.8715032074598241,0.7851701371254444
0.7682991796000994,0.6326662362814719,0.8715693406520733,0.7854240731335703
0.7685122704833611,0.6326662362814719,0.8717016070365716,0.7854240731335703
0.7686898462194126,0.6331504196255648,0.8719000066133192,0.7856780091416963
0.7687963916610434,0.6333118140735958,0.8720322729978176,0.7859319451498222
0.768867421955464,0.6334732085216268,0.8722637391706898,0.7861858811579482
0.7689384522498846,0.6336346029696578,0.8723629389590636,0.7861858811579482
0.7691870582803566,0.6336346029696578,0.8725613385358111,0.7861858811579482
0.7694711794580389,0.6336346029696578,0.8727266715164341,0.7861858811579482
0.7695422097524595,0.6337959974176889,0.8727597381125587,0.7861858811579482
0.7697197854885108,0.6339573918657199,0.8728589379009325,0.7861858811579482
0.7697908157829314,0.6339573918657199,0.8729912042854309,0.7864398171660741
0.7699328763717725,0.6341187863137508,0.8731565372660538,0.787201625190452
0.770110452107824,0.6342801807617818,0.8732557370544276,0.7877094972067039
0.7702880278438754,0.6344415752098128,0.8734210700350505,0.7879634332148299
0.7704656035799269,0.6344415752098128,0.8734541366311752,0.7879634332148299
0.7705721490215577,0.6344415752098128,0.8734872032272998,0.7884713052310818
0.770607664168768,0.6347643641058748,0.8736525362079227,0.7884713052310818
0.7706786944631886,0.6347643641058748,0.8737848025924211,0.7887252412392077
0.7707497247576092,0.6347643641058748,0.8738509357846703,0.7889791772473337
0.7708207550520297,0.6349257585539058,0.8739832021691687,0.7892331132554596
0.7709273004936605,0.6350871530019367,0.8739832021691687,0.7894870492635856
0.7709628156408709,0.6350871530019367,0.8741154685536671,0.7899949212798375
0.7711403913769223,0.6350871530019367,0.8742808015342901,0.7899949212798375
0.7711759065241326,0.6352485474499677,0.8744130679187885,0.7902488572879635
0.7713179671129737,0.6354099418979987,0.8747106672839098,0.7902488572879635
0.7714245125546045,0.6354099418979987,0.874776800476159,0.7905027932960894
0.7714245125546045,0.6355713363460297,0.8750743998412803,0.7905027932960894
0.7715665731434457,0.6355713363460297,0.8752397328219033,0.7910106653123413
0.7715665731434457,0.6357327307940607,0.8753719992064017,0.7915185373285932
0.771602088290656,0.6357327307940607,0.8755042655909001,0.7917724733367192
0.7716376034378662,0.6357327307940607,0.8757026651676476,0.7920264093448451
0.7717441488794972,0.6358941252420917,0.8757357317637723,0.792788217369223
0.7718862094683382,0.6358941252420917,0.8758679981482707,0.792788217369223
0.7718862094683382,0.6362169141381536,0.8759341313405198,0.792788217369223
0.7719927549099691,0.6370238863783085,0.8761325309172674,0.792788217369223
0.7719927549099691,0.6371852808263396,0.8763309304940149,0.793042153377349
0.7721348154988102,0.6371852808263396,0.8764301302823887,0.793042153377349
0.7723123912348616,0.6375080697224016,0.8764631968785134,0.793042153377349
0.772347906382072,0.6376694641704326,0.8766946630513854,0.7932960893854749
0.7724899669709131,0.6376694641704326,0.8768269294358839,0.7935500253936009
0.7725965124125439,0.6376694641704326,0.8769591958203823,0.7935500253936009
0.7727030578541748,0.6376694641704326,0.8769922624165069,0.7935500253936009
0.772738573001385,0.6378308586184636,0.8770914622048807,0.7938039614017267
0.7728096032958056,0.6378308586184636,0.8772898617816282,0.7940578974098527
0.772845118443016,0.6378308586184636,0.8773559949738774,0.7943118334179786
0.7728806335902262,0.6379922530664945,0.8774221281661265,0.7943118334179786
0.7729161487374365,0.6379922530664945,0.8774551947622512,0.7945657694261046
0.7729161487374365,0.6381536475145255,0.877554394550625,0.7945657694261046
0.7729871790318571,0.6381536475145255,0.8776205277428741,0.7945657694261046
0.7730937244734879,0.6381536475145255,0.8776535943389987,0.7948197054342305
0.7731647547679085,0.6381536475145255,0.8777527941273725,0.7950736414423565
0.773235785062329,0.6383150419625565,0.8778189273196217,0.7955815134586084
0.7732713002095394,0.6383150419625565,0.8778519939157463,0.7960893854748603
0.7735199062400113,0.6384764364105875,0.8778850605118709,0.7960893854748603
0.7735554213872217,0.6384764364105875,0.8780834600886185,0.7963433214829863
0.7735554213872217,0.6384764364105875,0.878116526684743,0.7963433214829863
0.7735909365344319,0.6384764364105875,0.8781826598769923,0.7963433214829863
0.7736974819760628,0.6384764364105875,0.8781826598769923,0.7965972574911122
0.7737685122704834,0.6384764364105875,0.8783149262614907,0.7965972574911122
0.7738040274176936,0.6384764364105875,0.8784802592421136,0.7965972574911122
0.773839542564904,0.6386378308586185,0.8784802592421136,0.7965972574911122
0.7738750577121142,0.6386378308586185,0.8786786588188612,0.7965972574911122
0.7738750577121142,0.6387992253066495,0.8786786588188612,0.7971051295073641
0.7739460880065347,0.6387992253066495,0.878777858607235,0.7971051295073641
0.7739460880065347,0.6387992253066495,0.8788439917994841,0.7971051295073641
0.7740171183009553,0.6389606197546804,0.8789431915878579,0.7973590655154901
0.7740881485953759,0.6391220142027114,0.8789431915878579,0.7973590655154901
0.7741591788897965,0.6392834086507424,0.8790093247801072,0.7973590655154901
0.7741946940370068,0.6392834086507424,0.8790423913762317,0.7973590655154901
0.774230209184217,0.6392834086507424,0.8790423913762317,0.7973590655154901
0.774230209184217,0.6392834086507424,0.8791085245684809,0.7973590655154901
0.774230209184217,0.6392834086507424,0.8791085245684809,0.797613001523616
0.774230209184217,0.6392834086507424,0.8791085245684809,0.797613001523616
0.7742657243314274,0.6392834086507424,0.8791746577607301,0.797866937531742
0.7743012394786376,0.6397675919948353,0.8792407909529792,0.797866937531742
0.7743722697730582,0.6397675919948353,0.8793069241452285,0.797866937531742
0.7743722697730582,0.6397675919948353,0.8793069241452285,0.797866937531742
0.7744077849202685,0.6397675919948353,0.8793069241452285,0.797866937531742
0.7744077849202685,0.6397675919948353,0.8793730573374777,0.797866937531742
0.7744077849202685,0.6397675919948353,0.8794061239336023,0.797866937531742
0.7744433000674787,0.6397675919948353,0.8794391905297269,0.797866937531742
0.7744788152146891,0.6397675919948353,0.8794722571258514,0.7981208735398679
0.7744788152146891,0.6397675919948353,0.8795053237219761,0.7981208735398679
0.7745143303618993,0.6397675919948353,0.8795714569142252,0.7981208735398679
0.7745498455091097,0.6397675919948353,0.8795714569142252,0.7981208735398679
0.7745498455091097,0.6397675919948353,0.8795714569142252,0.7983748095479939
0.7745853606563199,0.6397675919948353,0.8796045235103498,0.7986287455561198
0.7745853606563199,0.6397675919948353,0.8796375901064745,0.7986287455561198
0.7745853606563199,0.6397675919948353,0.879670656702599,0.7988826815642458
0.7745853606563199,0.6397675919948353,0.8797037232987236,0.7988826815642458
0.7746563909507405,0.6397675919948353,0.8797037232987236,0.7991366175723718
0.7746563909507405,0.6397675919948353,0.8797037232987236,0.7996444895886237
0.7746919060979508,0.6397675919948353,0.8797037232987236,0.7996444895886237
0.774727421245161,0.6397675919948353,0.8797037232987236,0.8001523616048756
0.7747984515395816,0.6397675919948353,0.8797367898948483,0.8001523616048756
0.7748339666867919,0.6397675919948353,0.8798029230870974,0.8001523616048756
0.7748339666867919,0.6397675919948353,0.879835989683222,0.8001523616048756
0.7749049969812125,0.6397675919948353,0.879835989683222,0.8001523616048756
0.7749049969812125,0.6397675919948353,0.8798690562793466,0.8001523616048756
0.7749049969812125,0.6397675919948353,0.8799351894715958,0.8001523616048756
0.7749049969812125,0.6397675919948353,0.8799351894715958,0.8001523616048756
0.7749049969812125,0.6397675919948353,0.8799351894715958,0.8001523616048756
0.7749405121284227,0.6397675919948353,0.8799351894715958,0.8001523616048756
0.7749405121284227,0.6399289864428663,0.880001322663845,0.8001523616048756
0.7749405121284227,0.6399289864428663,0.8800343892599696,0.8001523616048756
0.7749405121284227,0.6399289864428663,0.8800343892599696,0.8001523616048756
0.7749405121284227,0.6399289864428663,0.8801335890483434,0.8001523616048756
0.7750115424228433,0.6399289864428663,0.8801335890483434,0.8001523616048756
0.7750115424228433,0.6399289864428663,0.8801335890483434,0.8001523616048756
0.7750115424228433,0.6399289864428663,0.8801666556444679,0.8001523616048756
0.7750115424228433,0.6400903808908973,0.8801666556444679,0.8001523616048756
0.7750115424228433,0.6400903808908973,0.8801666556444679,0.8001523616048756
0.7750115424228433,0.6400903808908973,0.8801997222405925,0.8001523616048756
0.7750470575700537,0.6400903808908973,0.8801997222405925,0.8001523616048756
0.7750470575700537,0.6400903808908973,0.8801997222405925,0.8001523616048756
0.7750470575700537,0.6400903808908973,0.8801997222405925,0.8001523616048756
0.7750470575700537,0.6400903808908973,0.8801997222405925,0.8001523616048756
0.7751180878644742,0.6402517753389283,0.8801997222405925,0.8001523616048756
0.7751180878644742,0.6402517753389283,0.8801997222405925,0.8001523616048756
0.7751180878644742,0.6402517753389283,0.8802658554328417,0.8001523616048756
0.7751536030116845,0.6402517753389283,0.8802658554328417,0.8001523616048756
0.7751536030116845,0.6402517753389283,0.8802658554328417,0.8001523616048756
0.7751536030116845,0.6402517753389283,0.8802658554328417,0.8001523616048756
0.7751536030116845,0.6402517753389283,0.8802658554328417,0.8001523616048756
0.7751536030116845,0.6402517753389283,0.8802658554328417,0.8001523616048756
0.7751536030116845,0.6402517753389283,0.8802658554328417,0.8001523616048756
0.7751536030116845,0.6402517753389283,0.8802658554328417,0.8001523616048756
0.7751891181588948,0.6402517753389283,0.8802658554328417,0.8001523616048756
0.7751891181588948,0.6402517753389283,0.8802658554328417,0.8001523616048756
0.7751891181588948,0.6402517753389283,0.8802658554328417,0.8001523616048756
0.7751891181588948,0.6402517753389283,0.8802658554328417,0.8001523616048756
0.7751891181588948,0.6402517753389283,0.8802658554328417,0.8001523616048756
0.7751891181588948,0.6402517753389283,0.8802658554328417,0.8001523616048756
0.7751891181588948,0.6402517753389283,0.8802658554328417,0.8001523616048756
0.7751891181588948,0.6402517753389283,0.8802658554328417,0.8001523616048756
0.7751891181588948,0.6402517753389283,0.8802658554328417,0.8001523616048756
0.7751891181588948,0.6402517753389283,0.8802658554328417,0.8001523616048756
0.7751891181588948,0.6402517753389283,0.8802658554328417,0.8001523616048756
0.7751891181588948,0.6402517753389283,0.8802658554328417,0.8001523616048756
0.7751891181588948,0.6402517753389283,0.8802658554328417,0.8001523616048756
0.7751891181588948,0.6402517753389283,0.8802658554328417,0.8001523616048756
0.7751891181588948,0.6402517753389283,0.8802658554328417,0.8001523616048756
0.7751891181588948,0.6402517753389283,0.8802658554328417,0.8001523616048756
0.7751891181588948,0.6402517753389283,0.8802658554328417,0.8001523616048756
0.7751891181588948,0.6402517753389283,0.8802658554328417,0.8001523616048756
0.7751891181588948,0.6402517753389283,0.8802658554328417,0.8001523616048756
