N,E,S1,S2,D
0.32592,0.15841,0.35296,0.16271,0.0
0.31283,0.16087,0.34613,0.17978,0.00039
0.3125,0.16083,0.34583,0.18004,0.0008
0.31273,0.16148,0.34545,0.17905,0.00129
0.3127,0.16196,0.34524,0.17851,0.00159
0.31303,0.1628,0.34504,0.17712,0.00201
0.31288,0.16335,0.34469,0.17663,0.00245
0.31328,0.16436,0.34442,0.17518,0.00276
0.31304,0.16459,0.34452,0.1747,0.00315
0.31334,0.16539,0.34427,0.17353,0.00347
0.31347,0.16602,0.34376,0.17285,0.0039
0.31355,0.16694,0.34368,0.17152,0.00431
0.3131,0.16722,0.34367,0.17143,0.00458
0.31439,0.16743,0.34157,0.1716,0.00501
0.31411,0.16791,0.34134,0.17115,0.00549
0.31423,0.16897,0.34059,0.17041,0.0058
0.31485,0.16934,0.3401,0.16955,0.00616
0.31548,0.17016,0.33992,0.16789,0.00655
0.31541,0.17046,0.33967,0.16743,0.00703
0.31557,0.17114,0.33942,0.16642,0.00745
0.31557,0.1714,0.33872,0.16637,0.00794
0.3162,0.17213,0.33815,0.16519,0.00833
0.31628,0.17257,0.33827,0.16425,0.00863
0.31694,0.17317,0.33735,0.16356,0.00898
0.31649,0.17323,0.33743,0.16343,0.00942
0.31801,0.17385,0.33669,0.16164,0.00981
0.31835,0.17356,0.33676,0.16109,0.01024
0.31864,0.17393,0.33666,0.1601,0.01067
0.3192,0.17352,0.33683,0.15939,0.01106
0.31999,0.17417,0.33631,0.15807,0.01146
0.32009,0.17415,0.33613,0.15777,0.01186
0.32101,0.17472,0.33557,0.15644,0.01226
0.32101,0.1746,0.3357,0.15591,0.01278
0.32155,0.17487,0.33538,0.15508,0.01312
0.32146,0.17531,0.33507,0.15472,0.01344
0.3219,0.17593,0.33481,0.15354,0.01382
0.32196,0.17628,0.33448,0.15309,0.01419
0.32239,0.17736,0.33377,0.15189,0.01459
0.32256,0.17769,0.33321,0.15156,0.01498
0.32334,0.1777,0.33275,0.15082,0.01539
0.32313,0.1784,0.33236,0.15035,0.01576
0.32404,0.17924,0.33091,0.14958,0.01623
0.32382,0.17977,0.33048,0.14924,0.01669
0.32466,0.18012,0.32969,0.14851,0.01702
0.32459,0.18011,0.32936,0.14845,0.01749
0.3253,0.18041,0.32826,0.14806,0.01797
0.32573,0.18045,0.32787,0.14745,0.0185
0.32641,0.18114,0.32665,0.14691,0.01889
0.32628,0.18099,0.32621,0.14719,0.01933
0.32708,0.18178,0.32534,0.1461,0.0197
0.32724,0.18165,0.32518,0.14567,0.02026
0.32782,0.18226,0.32433,0.14501,0.02058
0.32778,0.18245,0.324,0.14479,0.02098
0.32846,0.18272,0.32325,0.14425,0.02132
0.32807,0.1829,0.32321,0.14412,0.0217
0.32878,0.18317,0.32251,0.14342,0.02212
0.32876,0.18364,0.32212,0.143,0.02248
0.32927,0.1837,0.32197,0.14207,0.02299
0.32925,0.18419,0.32159,0.14154,0.02343
0.33002,0.18433,0.32078,0.14103,0.02384
0.33005,0.18417,0.32074,0.14084,0.0242
0.33067,0.18485,0.31991,0.13994,0.02463
0.33116,0.18493,0.31894,0.1398,0.02517
0.33169,0.18483,0.3186,0.13935,0.02553
0.33198,0.18513,0.31796,0.139,0.02593
0.33241,0.18585,0.31712,0.1383,0.02632
0.33218,0.1855,0.31724,0.13838,0.0267
0.33306,0.18606,0.31597,0.1378,0.02711
0.33312,0.18613,0.31553,0.1377,0.02752
0.33389,0.18624,0.3146,0.13729,0.02798
0.33408,0.18595,0.31438,0.13715,0.02844
0.33458,0.1863,0.31361,0.13659,0.02892
0.33455,0.18594,0.31349,0.13668,0.02934
0.33517,0.18606,0.31289,0.13597,0.02991
0.33523,0.18642,0.3123,0.13579,0.03026
0.33564,0.18641,0.31161,0.13569,0.03065
0.3358,0.18621,0.31102,0.13588,0.03109
0.33644,0.18636,0.30981,0.13588,0.03151
0.33669,0.18631,0.30914,0.13585,0.03201
0.33739,0.18659,0.30826,0.13524,0.03252
0.33758,0.18648,0.30793,0.13502,0.03299
0.33778,0.1866,0.30756,0.13467,0.03339
0.33833,0.18692,0.30649,0.13435,0.03391
0.33863,0.18708,0.30555,0.13426,0.03448
0.33876,0.1867,0.30518,0.13449,0.03487
0.339,0.187,0.3049,0.13382,0.03528
0.33906,0.18668,0.30486,0.13364,0.03576
0.3393,0.18662,0.30409,0.13372,0.03627
0.33897,0.18665,0.30352,0.13409,0.03677
0.33925,0.1865,0.30342,0.13365,0.03718
0.33917,0.18632,0.30318,0.13377,0.03756
0.33952,0.18638,0.30275,0.13334,0.03801
0.33979,0.18654,0.30198,0.13319,0.0385
0.34018,0.1869,0.30094,0.13305,0.03893
0.33978,0.18701,0.30058,0.13321,0.03942
0.34003,0.18754,0.29949,0.13321,0.03973
0.33991,0.18711,0.29925,0.13344,0.04029
0.34041,0.18766,0.2983,0.13289,0.04074
0.34029,0.18795,0.29784,0.13274,0.04118
0.34029,0.18795,0.29764,0.13235,0.04177
0.3396,0.18849,0.29726,0.13228,0.04237
0.34008,0.18867,0.29661,0.13183,0.04281
0.33977,0.189,0.29608,0.13177,0.04338
0.3399,0.18916,0.29525,0.13185,0.04384
0.34007,0.18919,0.29464,0.13181,0.04429
0.34004,0.18904,0.2948,0.13138,0.04474
0.33956,0.1894,0.29465,0.13124,0.04515
0.34033,0.18989,0.29336,0.13074,0.04568
0.34007,0.18987,0.29316,0.13086,0.04604
0.34017,0.19009,0.29287,0.13032,0.04655
0.33983,0.19008,0.29261,0.13048,0.047
0.33988,0.19021,0.29196,0.13053,0.04742
0.33962,0.19034,0.29193,0.13038,0.04773
0.33999,0.19013,0.29162,0.13013,0.04813
0.33975,0.19029,0.29138,0.12993,0.04865
0.3402,0.19042,0.29051,0.12975,0.04912
0.34019,0.19036,0.29024,0.12948,0.04973
0.34038,0.19077,0.28966,0.12906,0.05013
0.34054,0.19041,0.28906,0.1293,0.05069
0.34118,0.19033,0.2883,0.12916,0.05103
0.34074,0.19023,0.2882,0.12941,0.05142
0.34123,0.19021,0.28745,0.12917,0.05194
0.34083,0.19093,0.28689,0.129,0.05235
0.34109,0.19085,0.28629,0.12881,0.05296
0.34066,0.19078,0.28629,0.12875,0.05352
0.34091,0.19067,0.28618,0.12831,0.05393
0.34066,0.19087,0.28595,0.12819,0.05433
0.34044,0.19121,0.28551,0.12796,0.05488
0.3397,0.1912,0.28558,0.12806,0.05546
0.33948,0.19133,0.28554,0.12768,0.05597
0.33912,0.19156,0.28498,0.12781,0.05653
0.33898,0.19183,0.28441,0.12781,0.05697
0.3388,0.19176,0.28402,0.12801,0.05741
0.3388,0.19219,0.28342,0.12765,0.05794
0.33843,0.19244,0.28298,0.12772,0.05843
0.33831,0.19265,0.28239,0.12747,0.05918
0.33853,0.1919,0.28256,0.12738,0.05963
0.33882,0.19195,0.28234,0.12676,0.06013
0.33876,0.19185,0.28176,0.12691,0.06072
0.33906,0.19174,0.28127,0.1265,0.06143
0.33934,0.19145,0.28075,0.12649,0.06197
0.33918,0.19129,0.28057,0.12644,0.06252
0.33927,0.19097,0.28016,0.12655,0.06305
0.33937,0.19117,0.27956,0.1263,0.0636
0.33867,0.19095,0.27972,0.12649,0.06417
0.33856,0.19124,0.27962,0.12582,0.06476
0.33818,0.19174,0.27906,0.12567,0.06535
0.33828,0.19188,0.27852,0.12536,0.06596
0.33788,0.19194,0.27822,0.12546,0.0665
0.33776,0.19274,0.27747,0.12494,0.06709
0.33701,0.19289,0.27795,0.12456,0.06759
0.33685,0.19317,0.27755,0.12424,0.06819
0.33634,0.19348,0.27734,0.12402,0.06882
0.33629,0.19383,0.27683,0.12367,0.06938
0.33605,0.19392,0.27654,0.12354,0.06995
0.33598,0.19376,0.27656,0.12314,0.07056
0.33574,0.19359,0.27656,0.12297,0.07114
0.3354,0.19375,0.27587,0.12307,0.07191
0.33533,0.1938,0.2756,0.1228,0.07247
0.33529,0.19377,0.27485,0.1229,0.07319
0.33519,0.19381,0.27416,0.12298,0.07386
0.3354,0.19345,0.27406,0.12266,0.07443
0.33533,0.19309,0.27418,0.12247,0.07493
0.33558,0.19343,0.27333,0.12206,0.0756
0.33549,0.19312,0.273,0.12211,0.07628
0.33554,0.19318,0.27229,0.12209,0.0769
0.33584,0.19273,0.2716,0.12226,0.07757
0.3362,0.19311,0.27067,0.12174,0.07828
0.33586,0.1926,0.27069,0.12188,0.07897
0.33602,0.1929,0.27022,0.12121,0.07965
0.33586,0.19319,0.26976,0.12098,0.08021
0.33575,0.19341,0.26902,0.12076,0.08106
0.33572,0.193,0.26915,0.12039,0.08174
0.3356,0.19296,0.26847,0.12055,0.08242
0.3351,0.19256,0.26872,0.12063,0.08299
0.33548,0.19237,0.26794,0.12064,0.08357
0.33528,0.19241,0.26728,0.12065,0.08438
0.33553,0.19276,0.26618,0.12042,0.08511
0.33535,0.19287,0.26534,0.12056,0.08588
0.33552,0.19308,0.26421,0.12058,0.08661
0.3353,0.19273,0.26405,0.1207,0.08722
0.33544,0.19312,0.26318,0.12027,0.08799
0.33484,0.19319,0.26308,0.12015,0.08874
0.33473,0.19334,0.26281,0.11975,0.08937
0.33441,0.19333,0.26253,0.11952,0.09021
0.33435,0.19346,0.26168,0.11954,0.09097
0.33415,0.19337,0.26151,0.11934,0.09163
0.33383,0.19366,0.26128,0.11899,0.09224
0.33359,0.1935,0.26111,0.11893,0.09287
0.33347,0.19385,0.26062,0.1185,0.09356
0.33296,0.19395,0.26038,0.11841,0.0943
0.33275,0.19391,0.26001,0.11823,0.0951
0.3324,0.19354,0.25953,0.11868,0.09585
0.33241,0.19403,0.25911,0.11804,0.09641
0.33207,0.19455,0.25857,0.11753,0.09728
0.33214,0.19485,0.25749,0.1174,0.09812
0.33166,0.19478,0.25739,0.11727,0.0989
0.33183,0.19512,0.2568,0.11681,0.09944
0.33151,0.1953,0.25652,0.11651,0.10016
0.33175,0.19541,0.25543,0.11648,0.10093
0.33092,0.19595,0.25518,0.1164,0.10155
0.3312,0.19589,0.25415,0.11623,0.10253
0.33103,0.1959,0.25356,0.11624,0.10327
0.33071,0.19635,0.25314,0.11583,0.10397
0.33025,0.19646,0.25292,0.11583,0.10454
0.33019,0.19636,0.25255,0.11554,0.10536
0.32988,0.19662,0.25205,0.11524,0.10621
0.33008,0.19669,0.25124,0.11492,0.10707
0.32966,0.19639,0.25097,0.11517,0.10781
0.32997,0.19564,0.25049,0.11522,0.10868
0.32964,0.19522,0.25022,0.11549,0.10943
0.32947,0.19546,0.24952,0.1152,0.11035
0.32924,0.19551,0.24909,0.1151,0.11106
0.32896,0.19541,0.24908,0.1148,0.11175
0.3291,0.19549,0.2485,0.11449,0.11242
0.32912,0.19536,0.24759,0.11463,0.1133
0.32846,0.19551,0.24709,0.11483,0.11411
0.32827,0.19591,0.24609,0.11462,0.11511
0.32802,0.19597,0.24597,0.11413,0.11591
0.32763,0.19618,0.24553,0.11381,0.11685
0.3273,0.19627,0.24491,0.11388,0.11764
0.32777,0.19657,0.24361,0.11355,0.1185
0.32811,0.19657,0.24251,0.11353,0.11928
0.32797,0.19674,0.24169,0.11345,0.12015
0.32786,0.19657,0.24108,0.11351,0.12098
0.32818,0.1965,0.24032,0.11315,0.12185
0.32795,0.19649,0.23956,0.11333,0.12267
0.32794,0.19638,0.23903,0.11301,0.12364
0.32724,0.19612,0.2391,0.11303,0.12451
0.327,0.19573,0.23891,0.11302,0.12534
0.32665,0.19581,0.23815,0.11316,0.12623
0.32659,0.19628,0.23676,0.11327,0.1271
0.32622,0.19613,0.23652,0.1131,0.12803
0.32627,0.19591,0.23591,0.11302,0.12889
0.32614,0.1955,0.23527,0.11324,0.12985
0.32642,0.19623,0.23371,0.11297,0.13067
0.32567,0.19598,0.23353,0.11334,0.13148
0.32539,0.19651,0.2327,0.11283,0.13257
0.32485,0.19642,0.2324,0.1128,0.13353
0.32461,0.19656,0.23188,0.11252,0.13443
0.32442,0.19617,0.23136,0.1126,0.13545
0.32436,0.19661,0.23078,0.11182,0.13643
0.32385,0.19729,0.22971,0.1116,0.13755
0.32372,0.19764,0.22885,0.11124,0.13855
0.32334,0.19786,0.22825,0.11095,0.1396
0.32355,0.19802,0.22721,0.11061,0.14061
0.3232,0.19801,0.22664,0.11055,0.1416
0.32318,0.19839,0.22574,0.11007,0.14262
0.3222,0.19882,0.22576,0.10974,0.14348
0.3223,0.19866,0.22527,0.10942,0.14435
0.32184,0.1988,0.22475,0.10916,0.14545
0.32177,0.19908,0.22405,0.10877,0.14633
0.32132,0.19899,0.22331,0.10895,0.14743
0.32101,0.19928,0.22241,0.1088,0.1485
0.32062,0.19929,0.22171,0.10883,0.14955
0.32055,0.19904,0.22124,0.10869,0.15048
0.31965,0.19934,0.22089,0.10854,0.15158
0.31995,0.19925,0.22,0.1083,0.1525
0.31923,0.19933,0.21939,0.10852,0.15353
0.31966,0.19883,0.21877,0.10837,0.15437
0.31925,0.19863,0.21851,0.1081,0.15551
0.31918,0.19848,0.21802,0.10781,0.15651
0.31859,0.19839,0.2178,0.10773,0.15749
0.31834,0.19852,0.21728,0.10744,0.15842
0.31813,0.19788,0.21699,0.10743,0.15957
0.31821,0.19814,0.21598,0.10692,0.16075
0.31802,0.19783,0.21584,0.10647,0.16184
0.31787,0.19797,0.21498,0.1061,0.16308
0.31736,0.19767,0.21457,0.10604,0.16436
0.31745,0.19757,0.21383,0.1057,0.16545
0.31687,0.1973,0.21329,0.10575,0.16679
0.3165,0.19769,0.21245,0.10551,0.16785
0.31614,0.19755,0.21167,0.1056,0.16904
0.316,0.19749,0.21072,0.10558,0.17021
0.31569,0.19722,0.2105,0.10537,0.17122
0.31545,0.19743,0.2097,0.10523,0.17219
0.31515,0.19693,0.20946,0.10511,0.17335
0.31468,0.1969,0.20914,0.10482,0.17446
0.31416,0.19696,0.20867,0.10456,0.17565
0.31394,0.19677,0.20809,0.10448,0.17672
0.3129,0.19704,0.20776,0.1044,0.1779
0.31255,0.19711,0.20691,0.1043,0.17913
0.312,0.19711,0.20641,0.10418,0.1803
0.31196,0.19717,0.20521,0.10432,0.18134
0.31133,0.19721,0.20451,0.10433,0.18262
0.3108,0.19736,0.20412,0.10407,0.18365
0.3106,0.19734,0.20345,0.10401,0.1846
0.31036,0.19741,0.20275,0.10376,0.18572
0.30985,0.19676,0.2029,0.10384,0.18665
0.31001,0.19719,0.20172,0.10317,0.18791
0.30952,0.19731,0.20127,0.10285,0.18905
0.30906,0.19767,0.20035,0.10262,0.1903
0.30882,0.19766,0.19929,0.10247,0.19176
0.30821,0.19818,0.19857,0.10183,0.19321
0.3075,0.1985,0.19799,0.10169,0.19432
0.30716,0.19868,0.19777,0.10095,0.19544
0.30677,0.19897,0.19685,0.10076,0.19665
0.30663,0.199,0.19596,0.10061,0.1978
0.30616,0.19913,0.19538,0.10031,0.19902
0.30548,0.19927,0.195,0.10003,0.20022
0.30487,0.19919,0.19461,0.09988,0.20145
0.30456,0.19918,0.19385,0.09969,0.20272
0.30435,0.19905,0.1933,0.09943,0.20387
0.30418,0.19903,0.19243,0.09927,0.20509
0.3036,0.19868,0.19227,0.09906,0.20639
0.30347,0.19858,0.19156,0.09883,0.20756
0.30327,0.19838,0.19103,0.09867,0.20865
0.30341,0.19835,0.19014,0.0983,0.2098
0.30312,0.19812,0.18946,0.0985,0.2108
0.3031,0.19845,0.18841,0.09808,0.21196
0.30261,0.19851,0.18792,0.09765,0.21331
0.30231,0.19909,0.18702,0.0974,0.21418
0.3017,0.19868,0.18659,0.09767,0.21536
0.30143,0.19865,0.18578,0.0975,0.21664
0.30119,0.19839,0.18529,0.09735,0.21778
0.30098,0.19834,0.18439,0.09724,0.21905
0.30004,0.19821,0.18385,0.09712,0.22078
0.29991,0.1985,0.18288,0.0966,0.22211
0.29887,0.19843,0.18254,0.09676,0.2234
0.29843,0.19889,0.1815,0.09627,0.22491
0.29817,0.19884,0.18069,0.09611,0.22619
0.29775,0.19879,0.18027,0.09581,0.22738
0.29724,0.19869,0.17997,0.09558,0.22852
0.29649,0.19897,0.17908,0.09546,0.23
0.2959,0.19838,0.1789,0.0954,0.23142
0.2959,0.19835,0.17804,0.09489,0.23282
0.29546,0.19826,0.17727,0.09478,0.23423
0.29493,0.19853,0.17618,0.09466,0.2357
0.29431,0.19857,0.17569,0.09445,0.23698
0.29368,0.19871,0.17509,0.09412,0.2384
0.29301,0.19842,0.17469,0.09409,0.23979
0.29235,0.19839,0.17458,0.09357,0.24111
0.29168,0.19843,0.17392,0.09342,0.24255
0.29093,0.19862,0.17347,0.09311,0.24387
0.29038,0.19813,0.17326,0.0929,0.24533
0.28999,0.1978,0.17308,0.09248,0.24665
0.28941,0.1976,0.17243,0.09246,0.2481
0.28911,0.19777,0.17159,0.09188,0.24965
0.28864,0.19789,0.17095,0.09138,0.25114
0.28822,0.19819,0.17013,0.09094,0.25252
0.28771,0.19821,0.16968,0.09052,0.25388
0.28786,0.19826,0.16878,0.08995,0.25515
0.28733,0.198,0.16868,0.08933,0.25666
0.28713,0.19782,0.16838,0.08874,0.25793
0.28663,0.19774,0.16808,0.08827,0.25928
0.2861,0.1976,0.16748,0.0882,0.26062
0.2856,0.19722,0.16719,0.08789,0.2621
0.28518,0.19716,0.16649,0.08768,0.26349
0.28477,0.19722,0.16579,0.08747,0.26475
0.28409,0.19707,0.16523,0.08736,0.26625
0.28374,0.19712,0.1641,0.08725,0.26779
0.283,0.19714,0.16344,0.08725,0.26917
0.28238,0.19714,0.16284,0.08722,0.27042
0.28195,0.19702,0.1619,0.08688,0.27225
0.28144,0.19629,0.16151,0.08687,0.27389
0.28159,0.1959,0.16047,0.08679,0.27525
0.28105,0.19546,0.16,0.0867,0.27679
0.28066,0.19523,0.15927,0.08659,0.27825
0.27999,0.19477,0.15895,0.08654,0.27975
0.2796,0.19495,0.15807,0.08635,0.28103
0.27882,0.19426,0.15778,0.08645,0.28269
0.27874,0.19405,0.15719,0.08582,0.2842
0.2783,0.19374,0.15657,0.08554,0.28585
0.27788,0.19381,0.15549,0.08538,0.28744
0.27704,0.19379,0.15493,0.08542,0.28882
0.27666,0.19358,0.15427,0.0851,0.29039
0.276,0.19318,0.15394,0.08487,0.29201
0.2758,0.19274,0.15317,0.08463,0.29366
0.27521,0.19236,0.15292,0.08421,0.2953
0.27502,0.19221,0.15204,0.08377,0.29696
0.27429,0.19214,0.15152,0.08353,0.29852
0.27393,0.19153,0.151,0.08314,0.3004
0.27328,0.1912,0.15047,0.08312,0.30193
0.27333,0.19036,0.14984,0.08292,0.30355
0.27266,0.18991,0.14923,0.083,0.3052
0.27199,0.18948,0.14867,0.08286,0.307
0.27105,0.18902,0.14815,0.08278,0.309
0.27007,0.18935,0.14749,0.08237,0.31072
0.26946,0.18872,0.14711,0.08241,0.3123
0.26883,0.18833,0.14654,0.08238,0.31392
0.26801,0.18792,0.14612,0.08239,0.31556
0.26739,0.18773,0.14554,0.08216,0.31718
0.26679,0.18742,0.14516,0.08159,0.31904
0.26661,0.18747,0.14397,0.08133,0.32062
0.2656,0.1867,0.14405,0.08156,0.32209
0.26532,0.18667,0.143,0.08105,0.32396
0.26488,0.1863,0.14258,0.08058,0.32566
0.26451,0.18592,0.14238,0.07988,0.32731
0.26388,0.18549,0.14221,0.07929,0.32913
0.26314,0.18528,0.14194,0.0785,0.33114
0.26257,0.18496,0.14138,0.0783,0.33279
0.2621,0.18467,0.14085,0.07796,0.33442
0.26169,0.18456,0.13983,0.07757,0.33635
0.26126,0.18471,0.13913,0.07694,0.33796
0.26067,0.18434,0.13853,0.07684,0.33962
0.25986,0.18418,0.13796,0.07654,0.34146
0.2592,0.18429,0.13714,0.07628,0.34309
0.25876,0.18411,0.13609,0.07606,0.34498
0.25823,0.18375,0.13555,0.07582,0.34665
0.25757,0.1833,0.13545,0.07529,0.34839
0.25699,0.18273,0.13517,0.07479,0.35032
0.25646,0.18269,0.13457,0.07419,0.35209
0.25594,0.18237,0.13392,0.07388,0.35389
0.25558,0.1817,0.13324,0.07379,0.35569
0.2552,0.18102,0.13309,0.0735,0.35719
0.25441,0.18073,0.13248,0.07346,0.35892
0.25377,0.18028,0.13197,0.07339,0.36059
0.25345,0.17978,0.13159,0.07294,0.36224
0.25243,0.1795,0.1311,0.07289,0.36408
0.25186,0.17919,0.13071,0.07244,0.3658
0.25118,0.17847,0.1304,0.07249,0.36746
0.25118,0.17749,0.1298,0.07216,0.36937
0.25038,0.17685,0.12943,0.07212,0.37122
0.24976,0.17642,0.12878,0.07203,0.37301
0.24914,0.176,0.128,0.0719,0.37496
0.24854,0.17567,0.12758,0.07135,0.37686
0.24775,0.17522,0.12713,0.07131,0.37859
0.24738,0.17487,0.12621,0.07126,0.38028
0.24657,0.17399,0.12595,0.07107,0.38242
0.24593,0.1737,0.1254,0.07074,0.38423
0.24517,0.17277,0.12543,0.07052,0.38611
0.24445,0.17227,0.12496,0.07008,0.38824
0.24364,0.17189,0.12416,0.07005,0.39026
0.24312,0.17143,0.12344,0.06973,0.39228
0.24269,0.1706,0.12287,0.06957,0.39427
0.24201,0.1701,0.12253,0.06939,0.39597
0.24153,0.16934,0.12223,0.0691,0.3978
0.241,0.16919,0.12137,0.06874,0.3997
0.24033,0.1683,0.12086,0.06881,0.4017
0.23948,0.16772,0.12052,0.06866,0.40362
0.2386,0.16745,0.12012,0.06834,0.40549
0.23822,0.16661,0.1198,0.06777,0.4076
0.23771,0.16601,0.11904,0.0675,0.40974
0.23718,0.16546,0.11818,0.06708,0.4121
0.23661,0.16456,0.11808,0.06664,0.41411
0.23642,0.16407,0.11739,0.06611,0.41601
0.23562,0.16349,0.11684,0.0658,0.41825
0.2356,0.16291,0.11589,0.06528,0.42032
0.23493,0.16227,0.11531,0.06511,0.42238
0.23459,0.16174,0.11443,0.06473,0.42451
0.23423,0.16076,0.11408,0.06448,0.42645
0.23371,0.16028,0.11334,0.06395,0.42872
0.2333,0.15935,0.11312,0.06342,0.43081
0.23302,0.15878,0.11227,0.06309,0.43284
0.23236,0.15801,0.11206,0.06267,0.4349
0.23196,0.15704,0.1115,0.06229,0.43721
0.23131,0.15629,0.11102,0.06215,0.43923
0.23038,0.15602,0.10992,0.06196,0.44172
0.22995,0.15513,0.10911,0.06186,0.44395
0.22978,0.1543,0.10839,0.06144,0.44609
0.22901,0.15371,0.10781,0.06125,0.44822
0.22849,0.15334,0.10706,0.06086,0.45025
0.22779,0.15244,0.10694,0.06084,0.45199
0.22745,0.15166,0.10628,0.06063,0.45398
0.22664,0.15088,0.10601,0.06038,0.45609
0.22591,0.15022,0.10545,0.06017,0.45825
0.22525,0.14962,0.10487,0.05993,0.46033
0.22479,0.14901,0.10432,0.05939,0.46249
0.22389,0.14843,0.10379,0.05918,0.46471
0.22338,0.14775,0.10304,0.05883,0.467
0.2227,0.14684,0.10281,0.05846,0.46919
0.2219,0.14651,0.10205,0.05834,0.4712
0.22129,0.14614,0.1013,0.05817,0.4731
0.22066,0.1454,0.10069,0.05795,0.4753
0.21996,0.14461,0.10016,0.05777,0.4775
0.21906,0.1439,0.0998,0.05772,0.47952
0.218,0.14362,0.0995,0.05749,0.48139
0.21727,0.14324,0.09879,0.05719,0.48351
0.21655,0.14225,0.09844,0.05713,0.48563
0.21621,0.14198,0.09752,0.05662,0.48767
0.21559,0.14094,0.0971,0.05642,0.48995
0.21479,0.14027,0.0963,0.05621,0.49243
0.214,0.13938,0.09591,0.05578,0.49493
0.21305,0.13862,0.0954,0.05579,0.49714
0.21205,0.13814,0.09488,0.05557,0.49936
0.21126,0.13737,0.09422,0.05526,0.50189
0.21061,0.13662,0.09379,0.05494,0.50404
0.20964,0.1363,0.09309,0.05486,0.50611
0.2087,0.13552,0.09254,0.05499,0.50825
0.20815,0.13476,0.09197,0.05462,0.5105
0.20723,0.13414,0.09139,0.05473,0.51251
0.2064,0.1336,0.0912,0.05414,0.51466
0.20565,0.1331,0.09073,0.05376,0.51676
0.20516,0.13259,0.09028,0.05295,0.51902
0.2044,0.13159,0.08987,0.05274,0.5214
0.2041,0.13124,0.0891,0.05215,0.52341
0.20355,0.13098,0.08844,0.05149,0.52554
0.20265,0.1306,0.08781,0.0511,0.52784
0.2019,0.13034,0.08701,0.05069,0.53006
0.20118,0.12978,0.08639,0.05037,0.53228
0.20066,0.12902,0.08597,0.05008,0.53427
0.19999,0.12831,0.08543,0.04973,0.53654
0.1992,0.12757,0.08516,0.04941,0.53866
0.19877,0.12692,0.08465,0.04895,0.54071
0.19815,0.12617,0.08407,0.04855,0.54306
0.19736,0.12554,0.08336,0.04843,0.54531
0.19677,0.12486,0.08273,0.04819,0.54745
0.19601,0.12427,0.08208,0.04799,0.54965
0.19536,0.12331,0.08169,0.04778,0.55186
0.19478,0.12295,0.08072,0.04753,0.55402
0.19397,0.12211,0.08037,0.0472,0.55635
0.19304,0.12138,0.07991,0.04704,0.55863
0.19244,0.1206,0.07948,0.04676,0.56072
0.19197,0.1198,0.07881,0.0465,0.56292
0.19111,0.11894,0.07826,0.04652,0.56517
0.19057,0.11829,0.0775,0.0463,0.56734
0.18984,0.11737,0.07702,0.04594,0.56983
0.18902,0.11699,0.07638,0.04554,0.57207
0.18828,0.11647,0.07578,0.04509,0.57438
0.18729,0.11604,0.075,0.04494,0.57673
0.18639,0.1153,0.07438,0.04479,0.57914
0.18563,0.11466,0.07414,0.04432,0.58125
0.18466,0.11422,0.0735,0.044,0.58362
0.18378,0.11349,0.07306,0.04368,0.58599
0.18293,0.1127,0.07243,0.04367,0.58827
0.18216,0.11233,0.07174,0.04338,0.59039
0.18096,0.11153,0.07155,0.0433,0.59266
0.18023,0.11101,0.07109,0.04286,0.59481
0.17901,0.11024,0.07048,0.04266,0.59761
0.17847,0.109,0.07031,0.04226,0.59996
0.17763,0.10842,0.06959,0.04202,0.60234
0.17693,0.10774,0.06904,0.04154,0.60475
0.17616,0.10691,0.06846,0.04138,0.60709
0.17519,0.10621,0.06808,0.041,0.60952
0.174,0.10561,0.06756,0.04081,0.61202
0.17316,0.10501,0.06686,0.04057,0.6144
0.17246,0.10402,0.06673,0.04015,0.61664
0.1717,0.10363,0.06606,0.03985,0.61876
0.17065,0.10284,0.06588,0.03964,0.62099
0.17007,0.1026,0.06506,0.03907,0.6232
0.16963,0.10178,0.06429,0.03875,0.62555
0.16909,0.10105,0.06352,0.03842,0.62792
0.16819,0.10032,0.06291,0.03829,0.63029
0.16751,0.09959,0.06228,0.03791,0.63271
0.16657,0.09885,0.0617,0.03761,0.63527
0.16611,0.09805,0.06126,0.03709,0.63749
0.16498,0.09756,0.06099,0.03677,0.6397
0.16457,0.097,0.06039,0.03639,0.64165
0.16374,0.09633,0.05973,0.036,0.6442
0.16326,0.09572,0.05902,0.03561,0.64639
0.16256,0.09488,0.05867,0.03528,0.64861
0.162,0.09416,0.05811,0.03493,0.6508
0.16101,0.09332,0.05772,0.03472,0.65323
0.16022,0.09283,0.05701,0.0345,0.65544
0.15927,0.09203,0.05636,0.03437,0.65797
0.15835,0.09176,0.05558,0.03391,0.6604
0.15715,0.09122,0.05508,0.03379,0.66276
0.15631,0.09039,0.05449,0.03374,0.66507
0.15541,0.08971,0.05387,0.03364,0.66737
0.15439,0.08895,0.05343,0.0335,0.66973
0.15343,0.08811,0.05316,0.03316,0.67214
0.15253,0.08716,0.05284,0.03291,0.67456
0.15174,0.08631,0.05241,0.03259,0.67695
0.15083,0.08554,0.05195,0.03218,0.6795
0.15022,0.08473,0.05151,0.03211,0.68143
0.14913,0.08423,0.05107,0.03164,0.68393
0.14813,0.08349,0.05054,0.03123,0.68661
0.14702,0.08298,0.04996,0.0309,0.68914
0.1461,0.08198,0.0496,0.03094,0.69138
0.14509,0.08133,0.04911,0.03045,0.69402
0.14405,0.08051,0.04849,0.03019,0.69676
0.14336,0.0794,0.04828,0.02971,0.69925
0.1425,0.0787,0.04783,0.02944,0.70153
0.14169,0.07797,0.0473,0.02895,0.70409
0.14066,0.07729,0.04664,0.02891,0.7065
0.13981,0.07641,0.04655,0.02856,0.70867
0.13883,0.07551,0.04587,0.02833,0.71146
0.13826,0.07477,0.04516,0.02815,0.71366
0.13692,0.07396,0.04479,0.02791,0.71642
0.13609,0.07292,0.04439,0.0277,0.7189
0.13507,0.0722,0.04391,0.02741,0.72141
0.13437,0.07135,0.04349,0.02705,0.72374
0.13343,0.07058,0.04277,0.02683,0.72639
0.1326,0.07006,0.04199,0.02651,0.72884
0.13157,0.06933,0.04177,0.02651,0.73082
0.13079,0.06865,0.04121,0.02609,0.73326
0.12961,0.06808,0.04083,0.02574,0.73574
0.12924,0.06708,0.04033,0.02552,0.73783
0.12854,0.06609,0.03981,0.02508,0.74048
0.12785,0.06541,0.03918,0.02461,0.74295
0.12684,0.06461,0.03879,0.02432,0.74544
0.12572,0.06411,0.03822,0.02393,0.74802
0.12505,0.0633,0.03758,0.02373,0.75034
0.12432,0.06256,0.03698,0.02337,0.75277
0.12361,0.06184,0.03647,0.0231,0.75498
0.12261,0.06099,0.03626,0.02259,0.75755
0.12189,0.06009,0.03577,0.02223,0.76002
0.12143,0.05935,0.03511,0.02185,0.76226
0.12068,0.05845,0.03485,0.02156,0.76446
0.11987,0.05752,0.03449,0.02115,0.76697
0.1188,0.05679,0.03413,0.02089,0.76939
0.11774,0.0562,0.03351,0.02061,0.77194
0.11664,0.05526,0.03337,0.02055,0.77418
0.11572,0.05474,0.03281,0.02043,0.7763
0.11505,0.05398,0.03257,0.0199,0.7785
0.11387,0.05329,0.03203,0.01984,0.78097
0.11281,0.0528,0.03167,0.01971,0.78301
0.11209,0.05203,0.03131,0.0194,0.78517
0.11105,0.05136,0.03087,0.01911,0.78761
0.10984,0.05118,0.03042,0.01879,0.78977
0.10893,0.05057,0.03018,0.01841,0.79191
0.10798,0.04998,0.02978,0.01822,0.79404
0.10689,0.0494,0.02948,0.0181,0.79613
0.10576,0.04872,0.02912,0.01799,0.79841
0.10463,0.04821,0.02862,0.01784,0.8007
0.10341,0.04764,0.02828,0.01751,0.80316
0.10252,0.04673,0.02791,0.01717,0.80567
0.10136,0.04607,0.02763,0.01684,0.8081
0.10023,0.04526,0.02737,0.01663,0.81051
0.09912,0.04479,0.02685,0.01627,0.81297
0.09789,0.04436,0.02653,0.01623,0.81499
0.0969,0.04378,0.02625,0.01604,0.81703
0.09602,0.04307,0.02597,0.0158,0.81914
0.09484,0.04262,0.02584,0.01552,0.82118
0.09371,0.04219,0.02535,0.01539,0.82336
0.09288,0.04156,0.02484,0.01523,0.82549
0.09209,0.04067,0.0247,0.01509,0.82745
0.0909,0.04032,0.02425,0.01476,0.82977
0.09003,0.03978,0.02397,0.01458,0.83164
0.08916,0.03923,0.02316,0.01436,0.83409
0.08827,0.0385,0.02265,0.01429,0.83629
0.08725,0.03792,0.02234,0.01408,0.83841
0.08637,0.03734,0.02179,0.01405,0.84045
0.08557,0.03702,0.02132,0.01366,0.84243
0.08472,0.03638,0.02109,0.01345,0.84436
0.08378,0.03589,0.02084,0.01309,0.8464
0.08277,0.03522,0.02053,0.01284,0.84864
0.08213,0.03462,0.02017,0.01265,0.85043
0.081,0.03413,0.01987,0.01231,0.85269
0.08004,0.03355,0.01956,0.01201,0.85484
0.07927,0.033,0.01923,0.01174,0.85676
0.07856,0.03257,0.01867,0.01155,0.85865
0.07795,0.03209,0.01829,0.01131,0.86036
0.07722,0.03153,0.01793,0.01112,0.8622
0.07642,0.03112,0.01767,0.01099,0.8638
0.07552,0.03059,0.01733,0.01077,0.86579
0.07472,0.02998,0.01703,0.01048,0.86779
0.07384,0.02954,0.01664,0.01031,0.86967
0.07271,0.02916,0.0164,0.01029,0.87144
0.07184,0.02858,0.01623,0.01005,0.8733
0.07085,0.02808,0.0162,0.00984,0.87503
0.07009,0.02763,0.01581,0.00971,0.87676
0.06934,0.02707,0.01547,0.00946,0.87866
0.06829,0.02669,0.01522,0.00927,0.88053
0.0672,0.02641,0.01504,0.0091,0.88225
0.06631,0.02605,0.01474,0.00892,0.88398
0.06531,0.02581,0.0144,0.00888,0.8856
0.06439,0.02535,0.01412,0.00876,0.88738
0.06358,0.0249,0.01385,0.00863,0.88904
0.06276,0.02459,0.01355,0.00844,0.89066
0.0618,0.02407,0.01344,0.00826,0.89243
0.06092,0.02361,0.01328,0.00812,0.89407
0.06017,0.02329,0.01289,0.0081,0.89555
0.05919,0.02284,0.01267,0.00791,0.89739
0.05847,0.02233,0.0125,0.00784,0.89886
0.05747,0.022,0.01215,0.00766,0.90072
0.05661,0.02153,0.01186,0.00755,0.90245
0.0558,0.02106,0.01177,0.00742,0.90395
0.05496,0.02076,0.01138,0.00743,0.90547
0.05419,0.02047,0.01107,0.00728,0.90699
0.05333,0.01992,0.01094,0.00718,0.90863
0.05252,0.01951,0.01074,0.00701,0.91022
0.05142,0.01904,0.0104,0.00689,0.91225
0.05068,0.01861,0.01015,0.00675,0.91381
0.04999,0.01826,0.00988,0.00663,0.91524
0.0492,0.01785,0.0098,0.00648,0.91667
0.04853,0.0174,0.00953,0.00633,0.91821
0.04775,0.0171,0.00929,0.00628,0.91958
0.04712,0.01663,0.00924,0.00605,0.92096
0.04646,0.01629,0.00892,0.00592,0.92241
0.0458,0.01605,0.00863,0.00578,0.92374
0.04517,0.01574,0.0084,0.00558,0.92511
0.0446,0.0154,0.00825,0.00549,0.92626
0.04391,0.01507,0.00807,0.00533,0.92762
0.04338,0.01463,0.00788,0.0052,0.92891
0.04261,0.0144,0.00763,0.00505,0.93031
0.04179,0.01415,0.00741,0.00491,0.93174
0.04106,0.01376,0.00726,0.00474,0.93318
0.04052,0.01337,0.0071,0.00464,0.93437
0.03988,0.01306,0.00691,0.00451,0.93564
0.03909,0.01277,0.00685,0.00437,0.93692
0.03845,0.01243,0.00663,0.00413,0.93836
0.03792,0.01215,0.00649,0.00402,0.93942
0.03742,0.01191,0.00616,0.00389,0.94062
0.03699,0.01149,0.00593,0.00379,0.9418
0.03631,0.01128,0.00579,0.00363,0.94299
0.03571,0.01098,0.00561,0.00354,0.94416
0.03515,0.01072,0.00553,0.00343,0.94517
0.03456,0.01039,0.0054,0.00341,0.94624
0.03383,0.01011,0.00546,0.00332,0.94728
0.03313,0.01002,0.00541,0.00329,0.94815
0.03272,0.00988,0.00522,0.00323,0.94895
0.03208,0.00976,0.00509,0.00317,0.9499
0.03139,0.00952,0.00502,0.00308,0.95099
0.03081,0.00934,0.00485,0.00306,0.95194
0.03023,0.00917,0.00474,0.00297,0.95289
0.02963,0.00897,0.00464,0.00292,0.95384
0.02903,0.00879,0.00457,0.00284,0.95477
0.02861,0.00842,0.00439,0.00275,0.95583
0.02795,0.00822,0.00429,0.00266,0.95688
0.02743,0.00799,0.00409,0.0026,0.95789
0.02678,0.0078,0.0039,0.00254,0.95898
0.02613,0.00756,0.00378,0.00244,0.96009
0.02562,0.00735,0.00371,0.00236,0.96096
0.02515,0.00708,0.00363,0.00229,0.96185
0.02471,0.00681,0.00345,0.00223,0.9628
0.02445,0.00662,0.00337,0.00221,0.96335
0.02404,0.00654,0.00332,0.00209,0.96401
0.02354,0.00641,0.00331,0.00201,0.96473
0.023,0.00617,0.00327,0.00197,0.96559
0.02252,0.00593,0.00316,0.00194,0.96645
0.02188,0.00572,0.00314,0.00185,0.96741
0.02155,0.00552,0.00301,0.00183,0.96809
0.02114,0.00522,0.00296,0.00181,0.96887
0.02079,0.005,0.00288,0.00178,0.96955
0.02033,0.00493,0.00279,0.0017,0.97025
0.01988,0.0047,0.00273,0.00171,0.97098
0.0194,0.00469,0.00265,0.00168,0.97158
0.01888,0.00457,0.0026,0.00172,0.97223
0.0186,0.00437,0.00253,0.0016,0.9729
0.01816,0.00429,0.00242,0.00156,0.97357
0.01774,0.00418,0.00236,0.00147,0.97425
0.0,0.0,0.0,0.0,1.0
0.0,0.0,0.0,0.0,1.0
0.0,0.0,0.0,0.0,1.0
0.0,0.0,0.0,0.0,1.0
