N,E,S1,S2
0.32592,0.15841,0.35296,0.16271
0.31295205130000703,0.16093276377787338,0.3462650433669131,0.17985014155520654
0.3127502001601281,0.1609587670136109,0.34610688550840674,0.1801841473178543
0.3131639815361817,0.16182875909923802,0.3458661673558891,0.17914109200869122
0.31330815997435923,0.16238819723360143,0.345749742089923,0.17855390070211635
0.31384082004829705,0.16342849126744757,0.34565476607982043,0.17707592260443492
0.31386897899854643,0.16422234474462433,0.34537617162047013,0.17653250463635908
0.3143776824034335,0.1654466327062693,0.3452528979984758,0.17492278689182142
0.3142900135426594,0.16578221397401816,0.3455183829061544,0.1744093895771681
0.3147722597413023,0.16664826949514816,0.345549055221619,0.1730304155419305
0.31506876819596424,0.16743298865575745,0.34522638289328383,0.17227186025499447
0.3154596310096516,0.1685564784219988,0.3450973696632486,0.17088652090510098
0.3151634485945631,0.16891362439975086,0.34508046854594043,0.17084245845974563
0.3169177579674168,0.16931828460587545,0.34291801927657567,0.17084593815013216
0.31683944857266394,0.16995304220168728,0.34279192768297956,0.17041558154266925
0.3173305169985918,0.17101186883926775,0.3421243210621605,0.1695332930999799
0.3180994928761169,0.17137567415278113,0.34194638976092734,0.16857844321017468
0.3190397101011626,0.17238914892546178,0.34184911168151394,0.1667220292918617
0.31916050675743723,0.172903784567665,0.34161815947954643,0.16631754919535136
0.31945675828161524,0.17386354477311194,0.3414705408237285,0.1652091561215443
0.3197758222706059,0.17419133730482728,0.3409033636739343,0.16512947675063253
0.320526782833172,0.17507663762504033,0.3406139077121652,0.16378267182962247
0.32078516814944824,0.1756642256248865,0.34064637172426315,0.1629042345014021
0.32150064578624477,0.17643082014853084,0.33997618663222473,0.1620923474329997
0.32130022208762365,0.17650918635170604,0.34019785988289925,0.16199273167777103
0.32325466315226065,0.17719473647004172,0.339311863140142,0.16023873723755566
0.32385984764291054,0.17693830952332842,0.3394693770332801,0.15973246580048092
0.3244218484676963,0.17751880003234413,0.33945176679873856,0.158607584701221
0.3251499004034419,0.17730209607781677,0.339609096148596,0.1579389073701453
0.32624242608159093,0.1781628379813674,0.33931154472531583,0.1562831912117258
0.32660723140286785,0.1782956718849614,0.3390137524160334,0.15608334429613738
0.3280049403213234,0.17898541187904313,0.33846262869638283,0.1545470191032507
0.3281811828338178,0.17909631415288316,0.3387859696745637,0.15393653333873533
0.32897989786820137,0.17964253870470942,0.3383926400259382,0.152984923401151
0.32906299092890084,0.1801246642679775,0.3380732782648356,0.15273906653828612
0.3298353408768301,0.18079044490408402,0.337774262886807,0.15159995133227885
0.33011126776277755,0.18094957957622906,0.3378807396212636,0.1510584130397298
0.33093525179856115,0.18199713853740704,0.33730758693468355,0.14976002272934827
0.33142155270423906,0.18244477830112069,0.3366391911645282,0.14949447783011208
0.33242274375196756,0.18263245016299215,0.3361091082653776,0.14883569781966263
0.332584954538528,0.18330878244526846,0.3357647178341037,0.14834154518209985
0.33404480221165184,0.1840773265032321,0.33445135585640523,0.14742651542871082
0.334068861727441,0.18470236521526917,0.33415021048992294,0.14707856256736695
0.33501510543286983,0.18513055773123518,0.3335706802022195,0.14628365663367546
0.3351787586122673,0.18519046213655468,0.33354026521203733,0.14609051403914067
0.33625894738985673,0.18561697534949548,0.33241016973313103,0.14571390752751673
0.3368955083994662,0.1858273652468903,0.3320972687727305,0.14517985758091298
0.3382421882962027,0.18621715823158924,0.3309757240985712,0.1445649293736369
0.3382409918636188,0.18605599624788433,0.3307673484369583,0.14493566345153858
0.3391030283248845,0.18713599412490692,0.33005579298456766,0.1437051845656409
0.3395111496657652,0.18717150584273104,0.3300096953615349,0.14330764912996888
0.34025154664434326,0.18795557098229781,0.32915450109234945,0.14263838128100945
0.34038033376228116,0.1884306636436056,0.328788528708867,0.14240047388524624
0.34138741315897014,0.18870044953003678,0.3279730281977932,0.14193910911319985
0.3411725026062427,0.18910079515954295,0.32787555446536254,0.14185114776885183
0.34202453987730064,0.18947852760736197,0.3274642126789366,0.1410327198364008
0.3422425432674604,0.19005973569002904,0.3271858761916452,0.14051184485086535
0.3431477899563006,0.1902919775260201,0.32692681628851844,0.13963341622916092
0.34330237844147066,0.19102274007105632,0.32664407334978346,0.13903080813768953
0.34426598926537466,0.19146146597287664,0.32586962756586224,0.13840291719588643
0.34449545044675794,0.19136814492991228,0.3258668743339618,0.13826953028936798
0.345395647315708,0.19207782755333216,0.32528267844877956,0.13724384668218023
0.346239845737261,0.19233609583982933,0.3243722819397719,0.13705177648313777
0.347092683227137,0.1923025620504612,0.3239654836293492,0.1366392710930526
0.34767657897167964,0.19265866702251055,0.3232157337740323,0.13644902023177755
0.34854490562937707,0.19329034113080446,0.32239017477562587,0.13577457846419255
0.3482700525969757,0.19331443129520054,0.3225982084155161,0.13581730769230768
0.349498997995992,0.19381326756076256,0.32150454755665175,0.1351831868865937
0.3497594176673795,0.1939463727586774,0.32113628886329987,0.1351579207106432
0.350836770590111,0.19392299859081044,0.32050319382013803,0.13473703699894055
0.35124983277247795,0.1937163615407572,0.32029473207578235,0.13473907361098247
0.3521029601029601,0.19417245817245818,0.31954697554697553,0.13417760617760618
0.35232738996528745,0.19384444238435153,0.31965431640967007,0.13417385124069095
0.35319701529455416,0.19421198004699675,0.31913468277198337,0.13345632188646575
0.35354097718392047,0.19456043219613786,0.31854876125081194,0.13334982936912973
0.35400959207879945,0.19477076994481976,0.31797225516992417,0.1332473828064566
0.35429414617535676,0.19478696948746788,0.3174355852276831,0.13348329910949222
0.35523898007639104,0.19478682770723652,0.3164963352947249,0.13347785692164757
0.3556459858914905,0.19490606376715794,0.31592319847966865,0.1335247518616829
0.3566084530329648,0.19534979849126796,0.31507698666942235,0.13296476180634495
0.3568747867621972,0.195310319158835,0.31486823196137426,0.13294666211759354
0.35741177444044514,0.19542013156261637,0.31448843655620373,0.13267965744073476
0.35802839639042966,0.19597027899660568,0.31369525622982036,0.1323060683831443
0.3587160238156873,0.19632410044007248,0.3126274915868496,0.13233238415739063
0.35897489019640344,0.19605121405486037,0.31232907930720144,0.13264481644153475
0.3596041245660397,0.19627959997927355,0.3122856106534017,0.13183066480128505
0.35983493524941157,0.19606623326801248,0.31229587234439643,0.13180295913817952
0.360498770708632,0.19591896013361412,0.3114619749577269,0.13212029420002697
0.3605405461508921,0.19574039669112686,0.31112541127383314,0.13259364588414793
0.36119619957426924,0.1956077046882301,0.31107419137116454,0.1321219043663361
0.3613180009764509,0.195508325802196,0.31085418679298205,0.1323194864283711
0.36190931482078087,0.19587832430915686,0.3101961069598745,0.1320162539101878
0.3622525370154716,0.19622359008484444,0.30959906837464646,0.13192480452503744
0.36288267296349846,0.1966026234487637,0.30857249851767865,0.1319422050700592
0.3627583623004392,0.19685490081801718,0.3081198093374685,0.1322669275440751
0.3632189891208162,0.19743896725834156,0.3069283223153402,0.13241372130550205
0.36332670131980543,0.19706455275575788,0.30685736309753225,0.13275138282690443
0.3640494403568377,0.19781353565250015,0.30602163536694665,0.13211538862371552
0.36409133562715046,0.1984568866645814,0.30539047023250965,0.13206130747575853
0.3644577056295122,0.1986500020865501,0.305105788089972,0.1317865041939657
0.3639163204376057,0.1991982796417312,0.3051130550973965,0.13177234482326658
0.36457441253263706,0.19963446475195823,0.30434464751958223,0.13144647519582245
0.3647288725403112,0.19993102943788993,0.3038153260949077,0.13152477192689122
0.3651855723993727,0.20011500261369577,0.30307370622059593,0.1316257187663356
0.365583749973851,0.2004581302428718,0.30244963705206784,0.13150848273120933
0.3656512594049874,0.20050020405814087,0.3026967068155419,0.13115182972132983
0.3652742881072027,0.20109924623115577,0.30263819095477384,0.13098827470686766
0.3662941121015639,0.2017974797574031,0.30128735584023797,0.13062105230079504
0.3659464330622852,0.20198675496688742,0.30134546064213263,0.13072135132869478
0.36648144265045085,0.20222268819459005,0.30106940658418957,0.13022646257076956
0.3664904441227684,0.20218390081188242,0.3007950993349697,0.1305305557303795
0.3666376334043424,0.20247027588595176,0.30029488000167903,0.13059721070802682
0.36658513798641656,0.20271249068368621,0.3000955250202072,0.13060684630969002
0.36716584054440055,0.20252247332605225,0.30006090901453414,0.130250777115013
0.36705123355608793,0.2026856638507124,0.3001933341739167,0.13006976841928297
0.36775821287779237,0.202796320630749,0.2996057818659658,0.12983968462549278
0.3679415972397543,0.20273710342506102,0.29961920390473784,0.12970209543044686
0.368506903519111,0.2029276814278498,0.299271762923051,0.12929365212998822
0.36901515231286,0.20266613315924142,0.29878170771514917,0.12953700681274943
0.3700992268312723,0.20269871700339184,0.297722628352329,0.12947942781300692
0.369798198008325,0.2026450287159492,0.2976974550819327,0.12985931819379315
0.3707417365174759,0.20255153144604354,0.29703199957825926,0.1296747324582213
0.37036021306893097,0.20353356890459365,0.29654554084700174,0.12956067717947364
0.3709113937410945,0.20332471370520872,0.29622671381075516,0.12953717874294157
0.37056711373957124,0.2036012250501637,0.2963354102861971,0.12949625092406802
0.37111463285789753,0.20369783412572637,0.29618594823032224,0.1290015847860539
0.37096109331895866,0.20381351005697013,0.29618120514527907,0.12904419147879212
0.3711795934770194,0.20421328708306014,0.29581843947630027,0.1287886799636202
0.37064158051237556,0.20419889736616545,0.2961873419328896,0.12897218018856943
0.37083112758073056,0.20438327157226047,0.29610375860243515,0.12868184224457385
0.3707823507601038,0.2045659198050744,0.29567244027755707,0.1289792891572647
0.37083474648126163,0.20506189587926063,0.29495930133966425,0.12914405629981346
0.3707002587267252,0.2050091190567078,0.2949802773889808,0.12931034482758622
0.37079200042438065,0.20550633918625005,0.29470054639011195,0.12900111399925734
0.3704859563085154,0.20595291170413774,0.2944716897012929,0.12908944228605396
0.37069890474116407,0.20613387441173658,0.29430699117206505,0.12886022967503427
0.37089745769917526,0.2055841340022107,0.29462843295638125,0.12888997534223282
0.37154129181820117,0.20583168506348498,0.29411514494140667,0.1285118781769072
0.3719022334776918,0.2057587333340427,0.29367199055108056,0.1286670426371849
0.37235651155361515,0.20583537429453733,0.2935470130976467,0.12826110105420083
0.3729436583702693,0.20542107057620185,0.29323644732355947,0.1283988237299693
0.3728811752414661,0.2055606490266732,0.2932027035670881,0.1283554721647726
0.37328,0.20529066666666668,0.2929386666666667,0.12849066666666667
0.37367657103825136,0.20564378415300547,0.292541837431694,0.1281378073770492
0.3731738573259291,0.20568133276377618,0.29272746689448953,0.1284173430158052
0.3732595291779314,0.20611021468033042,0.292698304142935,0.12793195199880317
0.37299245097410233,0.20665725711597271,0.29258356322576506,0.12776672868415986
0.3733789856623154,0.20691204793494544,0.29223197089664027,0.12747699550609887
0.3730060167441064,0.20719225745669442,0.2921760914716399,0.12762563432755925
0.3731239354237415,0.20801953999592918,0.29177156202127547,0.12708496255905385
0.3727303907907994,0.20819310167420524,0.29231066046431864,0.12676584707067676
0.3726592161994037,0.20883116325961518,0.2919625045582273,0.1265471159827538
0.3724429561894949,0.20912486315925044,0.2921093867387898,0.12632279391246484
0.37253406930916355,0.20950611583028167,0.29174497148809586,0.1262148433724589
0.3725500730679962,0.20988781913521878,0.2914660878535202,0.12609601994326486
0.3727259042621823,0.2099479592275601,0.2916648746290482,0.1256612618812094
0.3727110365158264,0.21001441697329631,0.2916424590622512,0.12563208744862608
0.3725785784276777,0.21043620583833142,0.29111974932431706,0.12586546640967383
0.37277781369189994,0.21062555217962808,0.2909798090805266,0.12561682504794536
0.3730281105444194,0.21079134363442276,0.2903138849052738,0.12586666091588403
0.37311033180469383,0.21097383328837335,0.29004585918532505,0.12586997572160777
0.37353703303822067,0.21095875620816237,0.2899157849276614,0.12558842582595553
0.37351870456190384,0.21097319894999514,0.29000442903285045,0.12550366745525057
0.37388521949690295,0.21149750829666944,0.2896213259537116,0.12499594625271601
0.3740953493655275,0.21138264152576294,0.2892826620798581,0.12523934702885145
0.3745453364510262,0.21142937559539274,0.28897116134060796,0.12505412661297308
0.3751746850252955,0.21105201009652363,0.2885850783780563,0.1251882265001246
0.3758754526334049,0.2115722370389644,0.2877555888028795,0.12479672152475119
0.37569030802113507,0.21115559461424124,0.28810120539443845,0.1250528919701852
0.3762133287007883,0.21173264424225316,0.28765933421641227,0.12439469284054636
0.37638789301001674,0.21225256936749018,0.28707385437715927,0.12428568324533386
0.37677250978686383,0.2124619399739017,0.28650500217485864,0.12426054806437581
0.37688398463430295,0.21222508787394034,0.2867574243957646,0.12413350309599208
0.3770786370021889,0.21223605257712874,0.28632101669443627,0.12436429372624609
0.37675711016672114,0.21196469434455706,0.28672768878718535,0.12455050670153645
0.377272082956243,0.2121228642147616,0.28611616927086175,0.1244888835581337
0.37729321503017604,0.21227995503606936,0.28573923102947757,0.12468759890427702
0.37784112629291045,0.21290562163461013,0.2846969647323525,0.12455628734012691
0.3779665278369899,0.21314181396823315,0.28421823587927286,0.1246734223155041
0.3783340262127213,0.21361836203312692,0.2832308601185918,0.12481675163556002
0.37841151677705404,0.2132464831134709,0.2831572609338223,0.12518473917565273
0.37882523091082404,0.21394997206061203,0.2824507773723827,0.12477401965618118
0.3785336754611049,0.21427944820931202,0.2825405180165362,0.1246463583130469
0.37857589623728477,0.21476775191756922,0.2823846989498634,0.12427165289528261
0.37878238711874085,0.21496589673465352,0.2821839269827671,0.12406778916383845
0.3790438711237647,0.2153103736355542,0.2814963010190061,0.12414945422167505
0.37923789408839903,0.21529932017688602,0.2814555694893626,0.12400721624535234
0.37933008244631083,0.21568131033495877,0.28139619360022894,0.12359241361850144
0.3793840324286218,0.2158640289037716,0.28111781811773,0.12363412054987663
0.37982693049661026,0.21596207903874773,0.28075841922504546,0.12345257123959653
0.3796074624066372,0.21616045718824814,0.2807118191546872,0.1235202612504275
0.3797771667715683,0.21640662095162377,0.2804739346959508,0.1233422775808571
0.37977831069656415,0.216097339949385,0.28008443201785893,0.12403991733619193
0.37992502571021,0.216828300029857,0.2797823755128219,0.12346429874711105
0.37968476744958274,0.2177517543665464,0.27956965443959886,0.12299382374427202
0.38018213644723137,0.21827568633533492,0.278644390773526,0.12289778644390774
0.379956533309678,0.2182870575711878,0.2789075667524173,0.12284884236671693
0.38032841451237104,0.21893930988572063,0.27842005991345836,0.12231221568845002
0.380320005329721,0.21919587834911894,0.278444609764493,0.12203950655666715
0.38088147045095905,0.21955637543617895,0.27764318894050183,0.12191896517236014
0.38033651012532943,0.22026622777264993,0.2775040868298433,0.1218931752721773
0.38099638185360424,0.22048427497912607,0.2767937656554411,0.12172557751182855
0.3811391389606917,0.22075274088599697,0.27642838042606294,0.12167973972724842
0.38098636307884437,0.22171426022769086,0.2760946890715074,0.12120468762195734
0.3805103372867551,0.22205362223437133,0.2763452977339418,0.12109074274493177
0.3809592942096153,0.2222793009101569,0.2758612987883187,0.1209001060919091
0.38093002459199643,0.2227364185110664,0.27566510172143976,0.12066845517549743
0.38151608391608394,0.222993006993007,0.27505454545454544,0.12043636363636363
0.38124993001198193,0.22298742455291654,0.27499132148576166,0.12077132394933987
0.3820615136298422,0.2223816355810617,0.2746256276901004,0.12093122309899569
0.38193423901459483,0.22218732121021753,0.274621105888424,0.12125733388676367
0.38230637064986694,0.22246179069950253,0.2742310413367921,0.12100079731383845
0.382461030130705,0.2227491880106542,0.27373874734487913,0.12105103451376167
0.38238238238238237,0.22306576239160508,0.2736444309478017,0.1209074242782108
0.38292364487664327,0.22324644336394742,0.27306185845488923,0.12076805330452008
0.3833665686506461,0.22328500129561407,0.27239440745372406,0.12095402260001577
0.3831217157935094,0.2232696601339618,0.27243409034527866,0.12117453372725018
0.3834187532455804,0.22400713463231808,0.27156758709444356,0.12100652502765799
0.383460260785067,0.22419832320173555,0.2718017671917019,0.12053964882149557
0.3835243018244749,0.22469431845174134,0.27132984198441334,0.12045153773937042
0.38341012781469697,0.22498330144569856,0.270980742887548,0.12062582785205647
0.3843329669458011,0.22560029008827295,0.2696914412627905,0.12037530170313544
0.38509260414421975,0.22533486066847377,0.26900001134159757,0.1205725238457089
0.38538213523454884,0.22572771445438444,0.26820989055901184,0.12068025975205486
0.38544578532306084,0.22576759619099565,0.2677552782891298,0.1210313401968137
0.385993448291551,0.2260339414896037,0.266834250875836,0.12113835934300923
0.3858992019490204,0.22611823905099102,0.26643062876398865,0.12155193023599996
0.3864037836913784,0.22621231979030143,0.26605504587155965,0.1213288506467605
0.3860001368956627,0.22586643546510302,0.2666043030869972,0.1215291245522371
0.38604884844194254,0.22568710962924055,0.2666796076595453,0.12158443426927161
0.3861856919155551,0.22601698499239906,0.2659077141126313,0.12188960897941456
0.38658856103337413,0.22670846538448336,0.26444172396828486,0.12226124961385765
0.3863042880703683,0.22709364119479566,0.26446536558548656,0.12213670514934946
0.3868526946931569,0.22728054386829766,0.26366835956756507,0.12219840187098031
0.3870423505107311,0.22714334901870767,0.2632503156203374,0.12256398485022381
0.3878664644793677,0.22788576417608675,0.26182106424041907,0.12242670710412645
0.38747585318737926,0.22789991721092817,0.2617974427375586,0.12282678686413394
0.3877069374409984,0.2285464299693767,0.2613916327047501,0.12235499988487486
0.38738936013276787,0.22862115065461922,0.2617670108795869,0.122222478333026
0.38746149497559906,0.2288611742446093,0.2616495725509651,0.12202775822882657
0.3878512768980214,0.22867505226561327,0.26113170934543817,0.12234196149092715
0.38823298141745394,0.22924640664207496,0.2609882167925161,0.121532395147955
0.38814403149241633,0.23034618501794604,0.2601366215120991,0.1213731619775385
0.3884387569403392,0.2308423456317882,0.2596005610228234,0.12111833640504921
0.3884594851797693,0.23132093865329711,0.2593018127799828,0.12091776338695077
0.3890638253372529,0.2316210218096046,0.2586361154038321,0.12067903744931038
0.38912605999976735,0.2319378366117231,0.2581571998557586,0.12077890353275093
0.3895022476882585,0.23274637225444297,0.25752917336314723,0.12022220669415135
0.3888273627026964,0.23343164570242828,0.2575628635711871,0.12017812802368823
0.3892810884607755,0.23377168928458908,0.25699249699529747,0.11995472525933791
0.3893374148547126,0.2342941265816869,0.2564932409538609,0.11987521760973957
0.38948082478567503,0.23521362323247683,0.25572800318124933,0.11957754880059883
0.3893852982164397,0.2355400452038271,0.25506200887681374,0.12001264770291951
0.3897428681979669,0.23596796698207229,0.2541536224747031,0.12013554234525778
0.3898241412504989,0.2361296987626494,0.2536216571576155,0.12042450282923622
0.3901561894016853,0.23610572459424836,0.25326422921881797,0.12047385678524838
0.3895550665458525,0.23669377140234646,0.2532155003000741,0.12053566175172689
0.3903424552640569,0.23677359312969007,0.2524414810277192,0.12044247057853381
0.39009258713215783,0.23724715456743528,0.2520257120952999,0.12063454620510704
0.39096350692435744,0.2370810261980378,0.2514374092395603,0.12051805763804442
0.39111930770322034,0.2371258334515534,0.2513240648791791,0.1204307939660472
0.3914854836609816,0.2370785054029423,0.25131670828845676,0.12011930264761927
0.39117709789795485,0.23712586202810626,0.25160556437661447,0.12009147569732445
0.3912316287676595,0.23776140825356157,0.2512247488226991,0.11978221415607986
0.391464443098267,0.23758448253334757,0.2509947855420542,0.11995628882633123
0.392187648682082,0.23806974973831954,0.25034494243029787,0.1193976591493006
0.39234415568947856,0.23827445749267526,0.25031561897048665,0.11906576784735952
0.392838825872783,0.23872568313832135,0.249472215264608,0.11896327572428764
0.39293563954321753,0.23865210951311577,0.249139949352573,0.1192723015910937
0.3933381174500658,0.2389187896184667,0.24878603037914124,0.11895706255232627
0.3932627341990512,0.2389668886865686,0.24862235852220999,0.11914801859217021
0.3933981840208226,0.23963968286334578,0.2475561046407024,0.11940602847512924
0.3936289053584942,0.23996108154857,0.2466516918715691,0.1197583212213667
0.3942433755517868,0.2401400064951467,0.2455526287301988,0.12006398922286773
0.3946798005828376,0.2398786156402784,0.2453457286674213,0.12009585510946268
0.3948063221092987,0.24046680410382534,0.2447466454482983,0.11998022833857765
0.39514668598333935,0.240154533381625,0.24465773270554148,0.12004104792949415
0.39514754415444686,0.24050724725281367,0.2445328272143712,0.11981238137836825
0.3951188213503142,0.2406571189908357,0.24438579712601238,0.11983826253283779
0.39563383354747994,0.24053916458580815,0.2438725787291813,0.1199544231375306
0.394872604119882,0.24124494725725593,0.24404899187919546,0.11983345674366662
0.3948552116511464,0.24178803277492766,0.24366019110603224,0.1196965644678937
0.39475542353485427,0.24201991672956588,0.24334688709795232,0.11987777263762753
0.3955702374567263,0.24223511629040909,0.2419669413428251,0.12022770491003949
0.39567335278534016,0.2422263188094395,0.2417868173993725,0.1203135110058478
0.39565584090159023,0.24257129236899683,0.24163009864199192,0.12014276808742101
0.39573645308140387,0.24292672181702482,0.24126242106808948,0.12007440403348181
0.39590711353470986,0.24360026959132405,0.24048771521352857,0.12000490166043748
0.3955368534694278,0.24314211404455785,0.24110560408283443,0.1202154284031799
0.3961960461487425,0.2442344788607797,0.2401675902148939,0.11940188477558393
0.3960430149863425,0.24507222481974555,0.23958461500602898,0.11930014518788297
0.39634499500918063,0.24590567967565835,0.2386474263392032,0.11910189897595781
0.39650894367153455,0.24652190551433828,0.23780660930536868,0.1191625415087585
0.3964284830946551,0.24778016868244665,0.23718186540031164,0.11860948282258663
0.3961733746130031,0.24843343653250774,0.23654489164086687,0.11884829721362229
0.39619295634920637,0.2489955357142857,0.23675595238095237,0.11805555555555555
0.396383417372513,0.24983233562681637,0.2359099828609752,0.11787426413969547
0.3967936120992015,0.25039178129897266,0.23514340439292555,0.11767120220890027
0.39661937444725404,0.251018298227476,0.23477535157758372,0.11758697574768626
0.39612285122626684,0.25196477133804046,0.234599935131359,0.11731244230433373
0.3961693674333762,0.2517522707680006,0.23476055422981296,0.1173178075688102
0.39663133657852917,0.25204910339994746,0.23397945265476205,0.11734010736676136
0.39683951978746335,0.25257525251259433,0.23360234592345672,0.11698288177648562
0.39747982479260013,0.25270780777388707,0.2328526425442725,0.11695972488924031
0.3977069871520881,0.2524074120634601,0.23312297287104317,0.11676262791340859
0.39820223587471043,0.2527822540034243,0.2324000402860308,0.11661546983583443
0.39846458330707074,0.25291514868834064,0.23207735071287203,0.11654291729171656
0.39918952697158294,0.25312764318988046,0.23159077424160177,0.11609205559693485
0.39931744928268975,0.2533147949187891,0.23090437970043606,0.11646337609808506
0.4002405063291139,0.2541012658227848,0.22940506329113924,0.11625316455696202
0.4004640783100449,0.25457104455658963,0.22902137803362665,0.11594349909973879
0.40072096772146276,0.2552581140601399,0.22831067616110073,0.11571024205729663
0.40094069789614184,0.2550181147905676,0.22766160300006355,0.11637958431322698
0.40127583177355897,0.25561200453289534,0.22688669034977144,0.11622547334377427
0.40144086707044946,0.2559132929550526,0.22647115078100097,0.11617468919349697
0.4018110296559299,0.25622621267465323,0.22581675138573143,0.1161460062836854
0.40144892290757356,0.25667182920117243,0.22536383068593444,0.11651541720531955
0.4019360215398423,0.25731136611321237,0.22462978396051028,0.11612282838643503
0.4013690185703645,0.25732668944083426,0.22477076002363033,0.11653353196517094
0.4014617324617839,0.25828658191363424,0.22434247773946164,0.11590920788512019
0.4015775432084445,0.2583871425073142,0.22419415123277783,0.11584116305146348
0.40131400616989144,0.25898054806190546,0.22389735778916525,0.11580808797903785
0.40119179959153073,0.25911946433649596,0.22411519867635274,0.1155735373956206
0.40106709488597364,0.2598712752042891,0.22349421774433753,0.1155674121653997
0.400936664850419,0.2595417866687424,0.22370981552113334,0.11581173295970525
0.4015985444148418,0.25965299889531485,0.22330235882773408,0.1154460978621093
0.4015832096450798,0.25983647110902797,0.22297737155951358,0.11560294768637867
0.4013931101052659,0.26109074781837394,0.2218801768780246,0.11563596519833558
0.40120988815720704,0.2614455942301662,0.2217649210828891,0.11557959652973764
0.40117024897243236,0.26195774537267325,0.22160117286697908,0.11527083278791528
0.4009546539379475,0.2621495449657741,0.22122269138975584,0.1156731097065226
0.4010929105310862,0.2624955666189394,0.22120929499389178,0.1152022278560826
0.4010765565981864,0.26275614282142057,0.2209573194003922,0.1152099811800008
0.40085428394394423,0.2635360499914308,0.22050545133350033,0.11510421473112467
0.40095629317518394,0.2633108349073426,0.22046256059385277,0.1152703113236207
0.400867943001548,0.2636641483970839,0.220637461795954,0.11483044680541406
0.4008112729827538,0.26388907300131237,0.22031629041451808,0.11498336360141576
0.40124334161342173,0.26460859977949286,0.2197101526281532,0.11443790597893226
0.4015039595394956,0.26521594463299397,0.2191788114726825,0.11410128435482797
0.4017546432714231,0.265916454447274,0.21863708483886882,0.1136918174424341
0.4015494556869031,0.26654645027716556,0.21833967808722368,0.11356441594870767
0.40202309431740635,0.26749802641262027,0.21742911810749696,0.11304976116247642
0.40196012709989676,0.26798235617466853,0.2175043908455897,0.112553125879845
0.4023179919689502,0.2682343777279381,0.21733524932515008,0.11211238097796161
0.4024029276430859,0.2686543067029034,0.2170034711944676,0.11193929445954309
0.40214578391201206,0.26909909424196676,0.21669452232046582,0.11206059952555532
0.40232291174285906,0.26901208724424336,0.21686812073738942,0.11179688027550813
0.40257895164127405,0.2693556680107163,0.21642356506914187,0.11164181527886775
0.40268911207796254,0.2698193252822619,0.21586088182274088,0.11163068081703466
0.4024908663705877,0.27038259381493707,0.21539067486995614,0.11173586494451915
0.40284979381864205,0.27079845942378095,0.21444222158712012,0.11190952517045687
0.4027569469062747,0.2712224918873224,0.21394289765754956,0.11207766354885332
0.40274249501488707,0.271654511185774,0.21310333524543146,0.1124996585539075
0.4032037239868565,0.2720564074479737,0.21230832420591456,0.1124315443592552
0.40356197088404383,0.2716208614042069,0.21201684938461327,0.11280031832713601
0.40452496151308553,0.271855069276446,0.2105921486694524,0.11302782054101605
0.404812738467472,0.271739280155374,0.2102508299012383,0.11319715147591565
0.4052696230659876,0.2717485818392613,0.20984638317253945,0.11313541192221165
0.40503388189738626,0.2718711104964735,0.20969437145623013,0.11340063614991011
0.40507591710074253,0.2723595256566552,0.20913221766596476,0.11343233957663748
0.40460718153794883,0.27205698575356163,0.20957260684828793,0.11376322586020161
0.4049142920747996,0.2726792074799644,0.20919134016028496,0.11321516028495103
0.40478016538145106,0.27304672792938517,0.20911131872882183,0.11306178796034191
0.40498085362104147,0.27331805349805743,0.20868155518908796,0.11301953769181318
0.40444419552219996,0.2736246657052045,0.2086279561461236,0.11330318262647195
0.4045915073952457,0.27408717128343296,0.20824562880637648,0.11307569251494486
0.40459078186753683,0.2741529416728787,0.20828703638588447,0.11296924007370006
0.40499316294740406,0.2744125068722951,0.20760674965109885,0.11298758052920196
0.4048180854821618,0.2744471918050159,0.20795478629459554,0.11277993641822677
0.4054130610279434,0.27511436543118956,0.20707578568697155,0.11239678785389551
0.4051295881000369,0.27574019927896215,0.20677321372810628,0.11235699889289466
0.4054104052823315,0.27591359289617484,0.2067110655737705,0.11196493624772313
0.40507394150278797,0.2764000399298376,0.20633743564878856,0.11218858291858591
0.40588865861502177,0.2762095333380976,0.20565997284356463,0.11224183520331595
0.4055525313010343,0.2763945792625276,0.20545511847119158,0.11259777096524654
0.40575901192014935,0.2761309780267126,0.20539997127674853,0.11271003877638949
0.4054092977706089,0.2764560170516735,0.20510974134454749,0.11302494383317012
0.4051252436295387,0.27751389590702374,0.2044900021655959,0.11287085829784162
0.4053252297228855,0.27689747485710153,0.2048476955357789,0.11292959988423414
0.4054826310827471,0.2770179128290666,0.20458336355065632,0.11291609253752992
0.40536768340554213,0.2769910732459074,0.2046901805704981,0.11295106277805239
0.40529552343203545,0.2775268127768711,0.20427255770575892,0.11290510608533458
0.40520402647303755,0.27776235627565854,0.20465469633439012,0.11237892091691382
0.4056551279798512,0.27848064194927663,0.203391319627482,0.11247291044339015
0.40505957621647004,0.2780419087867582,0.20392381287785408,0.11297470211891765
0.4056973014331538,0.27846443600835763,0.20345192901915776,0.11238633353933081
0.40597988022538867,0.27862347700386464,0.20326282561878634,0.11213381715196034
0.4063701425445082,0.2789229313302182,0.2031850712722541,0.11152185485301946
0.406618824506257,0.2789573572148746,0.20325010378981082,0.11117371448905759
0.4067189149799979,0.2795830049224455,0.20318843597103045,0.11050964412652618
0.406750350338412,0.27982348907242316,0.20304719878350577,0.11037896180565908
0.4069939475453934,0.28014645445714714,0.20285436748113278,0.11000523051632669
0.4074756830478246,0.28087765837867,0.20186442456124576,0.10978223401225964
0.4082509539977765,0.28133169075448455,0.20130104263694,0.10911631261079896
0.4081230046382748,0.28151918559122946,0.20125293657008614,0.10910487320040961
0.4078464535419278,0.28228205554129354,0.20102384439981275,0.10884764651696592
0.4078716318498335,0.28274296094459583,0.20056009688162277,0.10882531032394793
0.408492614128042,0.2832288329866857,0.19948686028328955,0.10879169260198272
0.4085443808596128,0.28339218312431513,0.19947035188116402,0.10859308413490808
0.40890916859968257,0.28332926382615065,0.1995482847027225,0.10821328287144427
0.40939977349943374,0.28309509962964097,0.19971840470141716,0.10778672216950813
0.4097173199103772,0.28366225714373405,0.19928792854731286,0.10733249439857585
0.4099289033886307,0.2836323905081407,0.1991320673417254,0.10730663876150319
0.41024889286651134,0.28353418612186954,0.19848164550125758,0.10773527551036154
0.4104082895143829,0.2830497989483452,0.19885555211877512,0.10768635941849675
0.410457597419715,0.2832886228659151,0.19843694273441984,0.10781683697995006
0.410410285909734,0.28349994558542313,0.19813124795945336,0.10795852054538953
0.41094417256319943,0.28331411115613603,0.1985131386178735,0.10722857766279106
0.4103618035477065,0.2834883175744315,0.1988747362663124,0.10727514261154958
0.4106851805416249,0.28374185055165496,0.19858011534603812,0.10699285356068204
0.4106693903205531,0.2833438089252043,0.1987272155876807,0.10725958516656191
0.4120409771473601,0.28242710795902287,0.19837667454688732,0.10715524034672971
0.41206872026678887,0.28207235542349574,0.19855858134058257,0.10730034296913278
0.41228403867490887,0.28213663021081,0.1983991123791409,0.10718021873514028
0.4124829099233729,0.2824075546087565,0.19802232043496232,0.10708721503290833
0.4128798749960139,0.28293312924519276,0.19747122038330303,0.10671577537549029
0.4126854694295216,0.2830647224354055,0.1975089536965976,0.10674085443847531
0.4131462925851703,0.2830941883767535,0.19666533066132263,0.10709418837675351
0.4131690288122778,0.2827657212721803,0.1969241164073937,0.10714113350814819
0.4132974089251718,0.2830821851505276,0.19658933238682197,0.10703107353747862
0.41336289200297743,0.28243632480015535,0.1969643030518787,0.10723648014498852
0.4135260209466591,0.2826824713810181,0.19693107087764877,0.10686043679467402
0.4135386119257087,0.282811990876507,0.19638318670576735,0.10726621049201694
0.4139779673760256,0.28292635088751594,0.1961851524958321,0.10691052924062633
0.41472213567715593,0.282455766361117,0.19585786202712233,0.10696423593460473
0.4147865552851411,0.2820331513517069,0.19640860356508583,0.10677168979806617
0.4150818915040657,0.28169687773177854,0.1965890910290455,0.10663213973511027
0.41533752481800135,0.28226340172071473,0.19616148246194573,0.10623759099933819
0.4155447467587443,0.2816447816198808,0.19610219293148956,0.10670827868988529
0.4155091435994804,0.2815362579527664,0.19629592618500383,0.10665867226274942
0.41522988505747127,0.28211039828922746,0.1963545843357391,0.10630513231756215
0.415958285129856,0.2821286655600825,0.19598276411313986,0.10593028519692169
0.41622358325481223,0.2821712208911024,0.19563534796069457,0.10596984789339077
0.4168581081081081,0.28233108108108107,0.1950506756756757,0.10576013513513513
0.4172090027794726,0.2819469866449732,0.19554606467358146,0.10529794590197275
0.4181685255712731,0.28221912404787813,0.19474292709466812,0.10486942328618064
0.41823673970919517,0.2820499692811796,0.19468905727353403,0.1050242337360912
0.41945096158786155,0.281917353107393,0.1942527357731235,0.10437894953162194
0.41957825631154727,0.28184989774348224,0.1942186399023837,0.10435320604258683
0.4206023389795426,0.2822989616034774,0.19308655604236383,0.1040121433746162
0.42119654569683124,0.2816918470830521,0.19324022636415555,0.10387138085596109
0.42203110068630006,0.28162627052384676,0.19278950569020936,0.10355312309964382
0.42273757628596337,0.2810985178727114,0.19283347863993025,0.10333042720139494
0.42370212244755123,0.28146489125299645,0.19165018984794666,0.10318279645150566
0.4240753099863009,0.28144648565105906,0.19150655098528224,0.10297165337735782
0.42495635459467085,0.2814643694781949,0.19069956090077061,0.10287971502636359
0.4251689846763634,0.2813462150971441,0.19030682662703047,0.10317797359946208
0.42543586827092256,0.28181705084685515,0.18929390228730872,0.10345317859491354
0.4262365284419385,0.2816001712939833,0.1884590678752409,0.10370423238883734
0.42736879813720224,0.28122873007343724,0.1878918144366828,0.10351065735267777
0.4278830594411881,0.28086231076270274,0.18740335862490562,0.10385127117120357
0.42854307264787617,0.2812263163593056,0.1865639322963658,0.10366667869645242
0.42863866763215064,0.2807023895727733,0.18664011585807386,0.10401882693700218
0.429404604008067,0.28060102836170714,0.1857228510692418,0.10427151656098403
0.42956924535871904,0.2803187803187803,0.18568771200350148,0.10442426231899916
0.4301878501592881,0.2801823574645721,0.18539675564832106,0.10423303672781867
0.4302150340011027,0.2803712552839552,0.18531519941187283,0.10409851130306928
0.4308989593327921,0.28053730902649643,0.18497675105173814,0.10358698058897335
0.4308555971393634,0.2805239559788046,0.18482973283432763,0.10379071404750435
0.43152724025007444,0.2805336409645728,0.18441128311997618,0.1035278356653766
0.43204364152670616,0.27984008070693295,0.18469183776411904,0.10342444000224187
0.4321050164088139,0.28,0.1842850445382091,0.10360993905297702
0.43241361138297074,0.2799442896935933,0.18410750583452534,0.10353459308891064
0.43310211873216276,0.2796121642820692,0.1837683569903041,0.10351735999546391
0.43364141883813173,0.2789280901861798,0.18375054563397925,0.10367994534170921
0.4334374761868475,0.2791853996799512,0.18347557723081612,0.10390154690238512
0.4329362727290109,0.2798608057207319,0.18315137377870405,0.10405154777155312
0.43331861549979844,0.28018275709815516,0.18264191511009578,0.10385671229195062
0.43378115302326475,0.27944719646884214,0.18266802875811955,0.10410362174977351
0.4348877708978328,0.27987616099071205,0.1818111455108359,0.1034249226006192
0.43560642866859706,0.2787764541267466,0.18211322074742017,0.10350389645723614
0.43604412769696377,0.2788636141755345,0.18141169579224836,0.10368056233525334
0.4363436598716867,0.2786203378524201,0.18154172143852146,0.10349428083737174
0.43646180220299907,0.27821237856903586,0.1813828843918107,0.10394293483615441
0.4360801076545555,0.2784572152299533,0.18127127364838122,0.10419140346710995
0.436657253092558,0.2783302175728889,0.18091961338053378,0.10409291595401933
0.437103024008309,0.2779531019054848,0.1808013422282587,0.10414253185794752
0.43715277081369464,0.2783048195912473,0.18026835676608036,0.10427405282897771
0.4371752004189663,0.2777665874390686,0.18009507311767312,0.10496313902429198
0.4379969650986343,0.2770864946889226,0.1802124430955994,0.1047040971168437
0.43787835696583105,0.27706902856214194,0.17984398488603584,0.10520862958599114
0.438513803023811,0.27708065536308174,0.1797759686600967,0.10462957295301055
0.43874100940554495,0.27782217577508656,0.17932009589967418,0.10411671891969426
0.4397339812222039,0.27796079723274586,0.17925382968209522,0.10305139186295503
0.44009931719428924,0.277715704531347,0.17897786054210635,0.1032071177322574
0.44118685976686683,0.27803519853720365,0.17850686724707546,0.10227107444885407
0.44192599085843093,0.27860914574332646,0.1780727568718302,0.10139210652641245
0.4424355559284351,0.27900245401346563,0.17765379533108208,0.10090819472701722
0.4427842872797775,0.27975638539998315,0.17689454606760516,0.10056478125263424
0.44312936692780014,0.27973745500741054,0.17664619944950244,0.1004869786152869
0.4438963192923515,0.2794233345382636,0.1762954772587127,0.10038486891067214
0.4442758856459126,0.27904790393572926,0.17633861800777745,0.10033759241058074
0.4444253675287048,0.2785277390277927,0.17690739349715634,0.10013949994634617
0.44517255502144815,0.2785022957039081,0.17656441982281046,0.09976072945183333
0.4459585346302996,0.2780389523169913,0.17656361706276133,0.09943889598994779
0.44647638952387175,0.278057170226199,0.1756253673829273,0.09984107286700193
0.44723200419956693,0.27791509000634307,0.17526630066274415,0.09958660513134583
0.4476998483416489,0.27797437193661123,0.17469283689034443,0.09963294283139548
0.44832460848629424,0.27733969474079473,0.17451902900183333,0.09981666777107769
0.4489868388929578,0.2777814767960583,0.17331380251681203,0.09991788179417183
0.4493329168711793,0.2771406898398108,0.1737316496363393,0.09979474365267056
0.449438202247191,0.2770189957164323,0.17367512166677881,0.09986768036959788
0.45023322892489354,0.27647204633030625,0.17344570385560087,0.09984902088919936
0.4512308354281314,0.27603777430531967,0.17256607106461036,0.10016531920193854
0.45140216698534097,0.27563051989438225,0.17222070472548484,0.10074660839479195
0.45223279648609077,0.2754163616398243,0.1711429355783309,0.10120790629575403
0.4530919296954081,0.27486886905309654,0.17104536670654275,0.10099383454495262
0.4536099162850932,0.2752647888626798,0.17022801905554785,0.10089727579667915
0.45380573766680615,0.2759799135165295,0.16957269726135676,0.10064165155530758
0.4543478260869565,0.27585320243104255,0.16895745675549323,0.10084151472650771
0.4544535602623475,0.27600554785020803,0.16869225886833258,0.10084863301911187
0.4550437042286794,0.27583274273564845,0.168698322702575,0.1004252303330971
0.4553444180522565,0.27617577197149645,0.16807600950118765,0.10040380047505938
0.4556094298612272,0.2767334654978862,0.16748274297179164,0.10017436166909499
0.45589471409015586,0.2759912581954418,0.16746319556185307,0.10065083215254929
0.45619328055609193,0.27625989573276694,0.167213747827766,0.10033307588337517
0.45580311635357507,0.2756176884617252,0.16766176399203922,0.10091743119266056
0.4567322940301056,0.2753177681817073,0.16736197516406842,0.10058796262411866
0.4566381682389937,0.27508352987421386,0.16735455974842767,0.10092374213836477
0.45780512516371363,0.27377863444287937,0.16801344305236365,0.10040279734104332
0.4580568190291552,0.27417791365297145,0.16742475082643601,0.10034051649143738
0.45860939570467785,0.27414556091706876,0.16736255219141435,0.099882491186839
0.45905638549368744,0.2737538353201549,0.1672199587545898,0.09996982043156782
0.4590777952118237,0.27372576808219873,0.16743432707394848,0.09976210963202915
0.45872914809626897,0.2734241691073475,0.1679867566535082,0.09985992614287534
0.4595280190637251,0.27365669920824043,0.1670125810336434,0.09980270069439107
0.46025568328264344,0.272797566884891,0.16756018351461416,0.09938656631785144
0.4608625784044373,0.2732103053237261,0.1670727282152299,0.0988543880566067
0.4604014598540146,0.27327945776850887,0.16738790406673618,0.09893117831074036
0.46143561241610737,0.2744337248322148,0.16602873322147652,0.09810192953020135
0.4627499604284282,0.27428375455073073,0.16540917005223446,0.09755711496860656
0.4641340129552936,0.2739460550069024,0.16478177763618987,0.09713815440161411
0.46505290157101636,0.27321791172384313,0.16444907555840546,0.09728011114673507
0.4658042653900976,0.27281284457951216,0.16416104133609447,0.09722184869429579
0.4665349000920561,0.27294633670872365,0.16345372827205285,0.09706503492716738
0.4678979052600038,0.27302443409332355,0.16270327694696413,0.09637438369970854
0.4678617438258915,0.27330537510621383,0.16245922758545076,0.09637365348244388
0.469207241464826,0.2734562288170621,0.16138987627786502,0.09594665344024689
0.46993034163128244,0.27330502594843614,0.1612133322232398,0.0955513001970416
0.47140303842716713,0.2733188114387846,0.16015974084003576,0.09511840929401251
0.4723057468034284,0.27292398482506675,0.16023605451735282,0.09453421385415203
0.4736484958154264,0.2724779461660258,0.159805473874689,0.09406808414385885
0.47350738832104317,0.2723286735187769,0.15983828260683883,0.09432565555334112
0.4739556472408458,0.273164861612515,0.15832903558535327,0.09455045556128588
0.4744970123834541,0.27240712409433365,0.1584447074445054,0.0946511560777069
0.4751453488372093,0.27340116279069765,0.15755813953488373,0.0938953488372093
0.47510173014432505,0.27351503264147076,0.15694253344652948,0.0944407037676747
0.4762690879075526,0.27274335239667474,0.15612287011379047,0.0948646895819822
0.47700893519755394,0.2725086828746994,0.1551043429216018,0.0953780390061448
0.4772496263079223,0.27267563527653216,0.15440956651718984,0.09566517189835576
0.47786944477899557,0.2717391304347826,0.15473322895339034,0.09565819583283151
0.4785720784932213,0.27099572351460377,0.1548936944587668,0.09553850353340815
0.47945372888087745,0.27044697687207847,0.15450184840059883,0.09559744584644526
0.48010716265319947,0.270092997474903,0.15446203116339224,0.09533780870850526
0.48087110064743965,0.2690746878969053,0.15451813760416344,0.09553607385149158
0.48150344956763336,0.2693160178565854,0.15440327162613554,0.09477726094964568
0.48227887944601827,0.2695310040919106,0.15388731507711678,0.09430280138495437
0.4824566969100945,0.26965294080324853,0.15382907175940613,0.0940612905272508
0.48268370607028754,0.2685623003194888,0.15373801916932908,0.09501597444089457
0.4838907146079,0.2685417874863071,0.15332817836200785,0.09423931954378503
0.48462788430289244,0.2683132921676958,0.1530711732206695,0.09398765030874229
0.48628812948461714,0.26660332230267686,0.1535663969070476,0.0935421513056584
0.4871261635967518,0.2666864725688255,0.15296758434013336,0.09321977949428929
0.488629931746296,0.2663892125853171,0.1523888796404195,0.09259197602796737
0.4888560687432868,0.2666151987110634,0.1513829215896885,0.09314581095596133
0.48966753475158115,0.2657016268136774,0.15182466939493355,0.09280616903980789
0.4906452714236941,0.26507340389211337,0.1514168658245135,0.09286445885967907
0.4920536635706914,0.26425868593051255,0.15098039215686274,0.09270725834193326
0.49258603326735423,0.2633607667465361,0.1510574018126888,0.09299579817342084
0.49381678052198286,0.26162200035032407,0.15144508670520232,0.09311613242249081
0.49455676516329705,0.26102785239643717,0.15149158772797963,0.09292379471228616
0.4962044263872554,0.260415552942015,0.15082504722192522,0.09255497344880431
0.497246715853878,0.2598884290084578,0.15000899766060824,0.09285585747705596
0.49849271782951365,0.2607416554679839,0.14822213343987214,0.0925434932626303
0.4982072296209571,0.2596955949070686,0.14876335430996634,0.0933338211620079
0.4996862426636152,0.2597172492709756,0.14809346277361485,0.09250304529179432
0.49975779707120765,0.25930618176398257,0.14856355032231622,0.09237247084249357
0.5019157088122606,0.2581699346405229,0.147810081887161,0.0921042746600556
0.5039836102890963,0.25741710296684117,0.14667273692996433,0.09192654981409819
0.5065696226776479,0.2562727446849263,0.14610227925684735,0.09105535338057844
0.5075411864800062,0.2555882125454405,0.14602830845386341,0.09084229252068993
0.5085162903351824,0.25564497226345806,0.1454801156340339,0.09035862176732558
0.5104478788834569,0.2546128370919413,0.14445671029806023,0.09048257372654156
0.5125806194760729,0.2538816784775858,0.1438012580619476,0.08973644398439366
0.514662167590584,0.2533140515786937,0.14272515465574034,0.08929862617498192
0.5160334469881475,0.2523948692969638,0.143326838772528,0.08824484494236078
0.5182086614173228,0.25151738845144356,0.14275754593175852,0.08751640419947507
0.521415270018622,0.2500310366232154,0.14156838402648458,0.08698530933167804
0.5229863459852185,0.24869514384734226,0.14155079544031066,0.08676771472712848
0.5249208693817261,0.24752057396075122,0.14180206794682423,0.08575648871069846
0.5259499338991002,0.24691884515331144,0.14183973730223037,0.085291483645358
0.5270986935713362,0.24684171948432718,0.14090458327943775,0.08515500366489889
0.5272141426456501,0.2455368806061134,0.14129582861621529,0.08595314813202125
0.5278009757812844,0.24557162322535273,0.14060920399103335,0.08601819700232957
0.5301065719360568,0.24431616341030196,0.14067495559502663,0.08490230905861457
0.5302465531953114,0.24399335339291328,0.1402973009386087,0.08546279247316657
0.5300516725591515,0.24431148581270964,0.14001450457800743,0.08562233705013145
0.532115551893055,0.24282378794121687,0.1401364281463169,0.08492423201941125
0.5328457015878895,0.24295171519837044,0.13943798898199158,0.08476459423174854
0.5330153385708941,0.2440609801720913,0.13860830527497195,0.08431537598204265
0.5341300958949408,0.24276064055930843,0.13968538901223487,0.08342387453351599
0.5348826111853408,0.24226951708341288,0.13933956861996563,0.08350830311128078
0.5345417731282842,0.24263606999951792,0.13956515450995516,0.08325700236224269
0.5350945603431468,0.24210372392279197,0.1386235133554299,0.08417820237863131
0.5360804416403786,0.24181782334384858,0.13766758675078863,0.08443414826498423
0.5362044014172364,0.24252707220919206,0.13743200758520885,0.0838365187883627
