OHS,IHS,DT,DUT
0.20929,0.79071,0.0,0.0
0.20887145986934905,0.7911285401306509,0.0,0.0
0.2083466773418735,0.7861689351481185,0.005484387510008007,0.0
0.20794825324668822,0.7826295921739044,0.009392115829419952,3.0038749987483853e-05
0.2075500045071664,0.7752025720896225,0.017137248224677236,0.00011017517853386885
0.20699606208479043,0.7717111393901742,0.02106233529394082,0.00023046323109449993
0.20659616059345395,0.7639115833792792,0.029081249060197482,0.0004110069670693198
0.20623922024788416,0.7605992539408768,0.03246961614054791,0.0006919096706911075
0.2057882329337413,0.7538546421226865,0.03942418618648744,0.0009329387570848172
0.205192016296549,0.7498018122886416,0.04392241076535579,0.001083760649453604
0.20463808854532678,0.7432687481176589,0.05079811263929324,0.0012950506977211123
0.20419005915495786,0.7413251112293987,0.05270716789362151,0.0017776617220219145
0.20366277551184425,0.73383094573145,0.06050712262160696,0.0019991561350987523
0.20306736751123128,0.730821415290606,0.06368908230233469,0.0024221348958280986
0.20265256256850106,0.7266291942765785,0.06800333832741752,0.0027149048275029912
0.20220277610138804,0.7225005029169181,0.07229933614966808,0.002997384832025749
0.201692425340095,0.7160709973436368,0.07885575142880141,0.0033808258874667954
0.20124817554985153,0.7141074034928784,0.08078916905732549,0.0038552518999446376
0.2007915646998399,0.7089942294329133,0.08596432923451866,0.004249876632728079
0.2003022517757292,0.7067452521283563,0.08815676792101154,0.004795728174903028
0.1999375037800133,0.7004213454831361,0.09455073281857952,0.005090417918271072
0.19934050641846582,0.6969959764841127,0.0982181572498916,0.005445359847529924
0.19878551902922217,0.6931014656485469,0.10210113277585564,0.006011882546375218
0.19831083126475751,0.6918730197170592,0.10334806562935157,0.0064680833888317085
0.19780330715338487,0.685406529507965,0.11002644915100245,0.006763714187647641
0.19734596390591705,0.6819499288015431,0.11324089316191842,0.007463214130621396
0.19687601034594246,0.6789423698674426,0.11619988684125444,0.007981732945360491
0.19647640322238283,0.6765790989861825,0.11839325604196779,0.008551241749466811
0.19600784678544705,0.6721034643153275,0.1228588185329747,0.009029870366250733
0.19562182612742024,0.6704635118457524,0.12429441398425961,0.009620248042567827
0.1951747728054729,0.6652903434735968,0.12948570040682494,0.010049183314105288
0.19473748152347783,0.6631198493530687,0.1313503553566728,0.010792313766780732
0.19435384210206438,0.6597111079597253,0.13460019043374324,0.011334859504467089
0.19391415369649806,0.656726248378729,0.13712913424124515,0.012230463683527886
0.1935107849497243,0.6539186668829062,0.13990025948751217,0.012670288679857282
0.19305806242268145,0.6518384067817234,0.14181995173294937,0.013283579062645764
0.19268418863675557,0.6461894279830799,0.14765522768079042,0.013471155699374118
0.19221440821586955,0.6440770846652663,0.1492069290955034,0.014501578023360835
0.19170169133621653,0.6419057481066375,0.15100201011146983,0.01539055044567623
0.1913143275002285,0.6398675617757285,0.15282192949492693,0.015996181229116096
0.19089856132650573,0.6353633260180443,0.15730919287978543,0.016428919775664474
0.190461185033087,0.6335830529493682,0.15871596003130814,0.01723980198623662
0.19001128840345363,0.6301573257670521,0.16207503228890177,0.01775635354059249
0.18966815194612302,0.6284970192679403,0.16328918187552138,0.018545646910415266
0.18919909212119979,0.6255101729244487,0.1658914413084854,0.0193992936458662
0.18876205411239982,0.6229035772837898,0.1684062605012067,0.01992810810260379
0.18833418237391747,0.6201324503311259,0.17101375445746306,0.020519612837493633
0.18798096034083844,0.619237394379835,0.1713059697689352,0.02147567551039129
0.18761662944721466,0.6148959384910316,0.17575739035557322,0.021730041706180467
0.1870957870039784,0.6128226053249005,0.17747628277058045,0.022605324900540652
0.1866005266703411,0.6103047747361545,0.17999673382734194,0.02309796476616245
0.18620203794082213,0.6082783688305323,0.1817402135958016,0.023779379632843926
0.18558354272639987,0.6057588200445343,0.18407182692896978,0.024585810300096014
0.18521886622798053,0.604865737524012,0.18456492418359424,0.025350472064413293
0.1848717162424614,0.6018399264029439,0.1874782786466319,0.025810078707962793
0.18443980856546816,0.5997975211682415,0.18939951732318894,0.026363152943101403
0.18403715525002046,0.5971335624846551,0.19194492184303136,0.02688436042229315
0.18354981013500374,0.5949580864064851,0.19405123796071688,0.02744086549779429
0.18323315276938673,0.5932600837625567,0.1955108184769141,0.02799594499114247
0.1828798557613506,0.5924233732175054,0.1956236682511064,0.0290731027700377
0.18244517319122772,0.5884197581471613,0.1998975199836032,0.029237548678007787
0.18210525236576888,0.5860237653403324,0.20212842305996698,0.02974255923393174
0.1816521855092683,0.5847070771313972,0.2033995671040079,0.03024117025532657
0.18112409822775458,0.5832093343048016,0.20474719591162374,0.030919371555820085
0.18065436775591076,0.580235506688431,0.20803433018160913,0.031075795374049094
0.18013104921534795,0.5787527729849643,0.20920631008134088,0.03190986771834689
0.17971848350970923,0.5761121956231378,0.21165108394123086,0.03251823692592212
0.17933168189620616,0.5747001202602555,0.21232616225883708,0.03364203558470125
0.17886229022704836,0.5726287430075683,0.21430774925962487,0.034201217505758476
0.1784119668319582,0.5712433900537026,0.2151704697434209,0.03517417337091829
0.17795092428671416,0.5690744781588374,0.21748528140310427,0.03548931615134423
0.1775857807801623,0.5679140750504593,0.21822094987024757,0.03627919429913087
0.1772711351039499,0.5644818989141409,0.22179753981826797,0.03644942616364123
0.1768186456926677,0.5627416012947253,0.22326794421136184,0.037171808801245244
0.17638748530533957,0.5614288365953761,0.2242044259285994,0.03797925217068492
0.1759116934027957,0.5601485531541754,0.2252746685923557,0.03866508485067313
0.17555810137164443,0.5575440443384835,0.2279468681301669,0.038950986159705235
0.17503536433003955,0.5565571146836829,0.22879947134198597,0.039608049644291626
0.17454725771960455,0.5543549003605409,0.23114908211861693,0.03994875980123762
0.1741741431347418,0.5530863687104643,0.23199445983379502,0.04074502832099888
0.1738037869308487,0.5508319458950787,0.23409271879298044,0.04127154838109223
0.17337912912136227,0.5488770031346665,0.2359690050796081,0.04177486266436308
0.17299630469210944,0.5470815348466499,0.23760726226335022,0.042314898197890465
0.17253914988814317,0.5465862954677272,0.23770610655398128,0.04316844809014831
0.1721529742107281,0.5434915503610912,0.24097271870110762,0.043382756727073035
0.1717493158636703,0.5419085330458578,0.24211170080437847,0.044230450286093376
0.17133701153239858,0.5401767194889239,0.24370488675018667,0.04478138222849083
0.17095036991688545,0.5390928994635427,0.24441492949270024,0.04554180112687163
0.17049925770584387,0.5367876831078766,0.24685692928999303,0.04585612989628645
0.17006294011341683,0.535572588853576,0.24738788143162793,0.04697658960137928
0.1696313536428245,0.5333838992560576,0.24987531690287187,0.04710943019824612
0.16929489911537543,0.5314400357592075,0.25122922275699333,0.04803584236842379
0.16895475819032763,0.5293291731669266,0.2532917316692668,0.04842433697347894
0.16867657922940058,0.5279115985308042,0.25432070504749915,0.049091117192296085
0.16832538674550793,0.526109225676154,0.2561681484103354,0.04939723916800266
0.16787986712070563,0.5252689347787601,0.25661532693929834,0.0502358711612359
0.16761313313396756,0.5223452918069,0.26003688614268894,0.05000468891644351
0.16716010257907138,0.5206200612972499,0.2613994120467861,0.050820424076892606
0.16679877349241776,0.5193049790367327,0.262624893097766,0.05127135437308358
0.16647360237103828,0.517798440875364,0.2634127505922378,0.052315206161360005
0.16590958929858088,0.5158150851581509,0.26588557167173127,0.05238975387153702
0.16554707006968314,0.5144851074499316,0.26619584408529134,0.053771978395093976
0.16510213041751165,0.5129623047814179,0.26775522150906317,0.05418034329200728
0.16476321954484605,0.5119017737617135,0.26808274765729584,0.05525225903614458
0.16436994485774972,0.5105314373607056,0.2694750499628548,0.05562356781868977
0.16396583129200426,0.5090027845822079,0.2704499298620271,0.05658145426376065
0.16363826779075247,0.506938262554328,0.2726501544745248,0.05677331518039483
0.16337287283091625,0.5062243272696789,0.272445301366418,0.05795749853298684
0.1629837729045243,0.5041616000670888,0.27500104826198163,0.0578535787664053
0.16259898264198439,0.5028895065289213,0.27569353400807595,0.05881797682101841
0.1622875131164743,0.5015739769150053,0.2768205666316894,0.05931794333683106
0.16179218543324445,0.5003884188204665,0.2779189149467761,0.0599004807995129
0.1614563096600754,0.498860617261911,0.2798891070809749,0.05979396599703866
0.16109342662338344,0.4977255297467091,0.2806790843287424,0.06050195930116507
0.16069795553686866,0.4960529773479792,0.28235665107478847,0.060892416040363696
0.16032517247181557,0.4949310112737675,0.28303255931347804,0.06171125694093892
0.1600597724857146,0.49310196049543814,0.2850032096141097,0.0618350574047376
0.15961131523261077,0.49206733553012516,0.28575489277480076,0.06256645646246328
0.15937891731889478,0.4903034835828128,0.2874824872802351,0.06283511181805733
0.1590355859510838,0.48967828276973985,0.28734311938206686,0.06394301189710949
0.1587003731893989,0.4877395686183559,0.2896540091505197,0.06390604904172553
0.15827057359238866,0.48604518701348015,0.29106807586017763,0.06461616353395355
0.15790640004220968,0.48492586925552683,0.2918377037935947,0.0653300269086688
0.15746958945767867,0.4841928535225545,0.29241637100861634,0.06592118601115053
0.15710844391851914,0.4826832051390415,0.2941636379004311,0.06604471304200828
0.15678543870960923,0.4817402517784096,0.2943334002769351,0.06714090923504604
0.1563864773123817,0.47988198843148244,0.29655165121025306,0.06717988304588281
0.15590612832232945,0.4786905366514305,0.29713687150837986,0.06826646351786017
0.15551485379126348,0.4773752302708197,0.29854744108243164,0.06856247485548521
0.1551115960297872,0.4761077508130038,0.2991642214760124,0.06961643168119658
0.1548538904257687,0.47430230955939245,0.3007832787476019,0.0700605212672369
0.1544595612016585,0.4734313860640701,0.30080697326702227,0.07130207946724919
0.15405425476612314,0.47172153322229177,0.30274032187907784,0.07148389013250724
0.15363140351994564,0.47053266246311276,0.30363246502345925,0.07220346899348237
0.15326529095022143,0.469195067812271,0.3047250868230721,0.07281455441443546
0.15274972895984354,0.46839990646457347,0.3053293935077911,0.07352097106779193
0.15235492412561014,0.46646532747748226,0.3075810585195189,0.07359868987738868
0.1520742230308447,0.4653941502548225,0.3079787630204177,0.07455286369391512
0.15165871731539052,0.4637381824376118,0.30997146750702664,0.07463163273997105
0.151176790223425,0.4629382997538809,0.3103124966704668,0.07557241335222732
0.15074144750167906,0.46177627581207426,0.3116424847819366,0.0758397919043101
0.15046720996714597,0.4598391432350557,0.31342535307419894,0.07626829372359943
0.14995464005549922,0.4586370670793532,0.3144351352793639,0.07697315758578366
0.1496369073045707,0.45788124733020075,0.3142567278940624,0.07822511747116617
0.14934336364510647,0.4561298526441768,0.3164463631215071,0.07808042058920958
0.14900987981694538,0.4547709678799025,0.3173410033788119,0.07887814892434028
0.1486117798106243,0.45343176590167444,0.31886802546407744,0.07908842882362381
0.14806646396299944,0.4530319900646653,0.31869084835767203,0.08021069761466318
0.14755222281735406,0.4516871987145153,0.32069630423138723,0.08006427423674344
0.14713102014127838,0.4510402932758787,0.32078121147806327,0.08104747510477966
0.14679164745122852,0.4496841518216235,0.32230456558809967,0.08121963513904827
0.14641396851289426,0.4485034502741975,0.32297356757278844,0.08210901364011977
0.1461049421164544,0.4475074636482742,0.3241263772847355,0.08226121695053588
0.14576303969396745,0.44625088650577033,0.32493391502439234,0.08305215877586986
0.145357776463631,0.44472877802268695,0.3264770711252083,0.08343637438847373
0.14510888276811842,0.4438479084179721,0.32657299018763986,0.08447021862626958
0.14474732467756174,0.44263936438214585,0.3282303038132765,0.08438300712701591
0.1443825491062289,0.44114256160501675,0.32935383421866415,0.08512105507009018
0.14401690511358123,0.43987795543001307,0.33055534591873037,0.08554979353767533
0.14365403912344493,0.4390112320756142,0.33125451818603596,0.0860802106149049
0.14333686051784827,0.43755803658194226,0.33285464400630577,0.08625045889390373
0.14303618310878702,0.4364769817517854,0.33326490703026246,0.08722192810916517
0.14269190439642404,0.4350697785032484,0.33461251580961443,0.08762580129071314
0.14224361748160969,0.4342492427520554,0.33486585893552573,0.08864128083080917
0.14182869267743473,0.4331940414844325,0.33622742822500323,0.08874983761312952
0.1415447947134655,0.4321741956451089,0.3370707398981692,0.08921026974325642
0.14127901304164,0.4307101893910649,0.33865984410741196,0.08935095345988313
0.14089962244499415,0.430434405242373,0.33809616803367615,0.09056980427895674
0.1406143122373864,0.42920426044754245,0.33980434947830146,0.09037707783676971
0.14006627913293856,0.4277611778127886,0.3412288803172706,0.09094366273700223
0.13974929059894106,0.42678220028484765,0.34234988421270074,0.09111862490351058
0.1392800400461401,0.4260016976081137,0.342840664243585,0.09187759810216119
0.13892579443730535,0.4247489817698691,0.3446627316881929,0.09166249210463268
0.13853832908302274,0.42394123673140216,0.3451470171538176,0.09237341703175744
0.13827548227391195,0.42262352646099827,0.3467683013271393,0.09233268993795052
0.13779557631242975,0.4216906910511441,0.3470205034754428,0.09349322916098338
0.13746969266726372,0.41997772001485334,0.3489111203337629,0.09364146698412006
0.13714217009695154,0.41889188864235044,0.3496267310824252,0.09433921017827279
0.13679823217958256,0.4174397234498753,0.35086203124316284,0.09490001312737933
0.13652437622483277,0.41662378611545997,0.35069357010696417,0.09615826755274308
0.13604592563377813,0.4152698350095313,0.352790376651548,0.09589386270514254
0.13567833686034145,0.4138112520696045,0.35389962829354943,0.09661078277650464
0.13540592147136932,0.4126264732348616,0.35455303645501834,0.09741456883875074
0.13504936143109716,0.4118247806463657,0.3551167872791364,0.09800907064340073
0.134800338539663,0.410402400553974,0.3564558854241089,0.09834137548225415
0.13450601190279748,0.4095904425596515,0.3565778907186781,0.09932565481887286
0.13417440029943745,0.40801655712980395,0.3585763510463798,0.09923269152437883
0.133923063364766,0.4069577861989953,0.35867409888076146,0.10044505155547721
0.13350897886741703,0.4058844928510798,0.3600145513873425,0.1005919768941607
0.13332377211950047,0.40499095362075815,0.3606085344865628,0.10107673977317859
0.13306834492657613,0.4034890140223032,0.36232748150601746,0.10111515954510324
0.13263344015913361,0.4027516852690905,0.36224997237263784,0.10236490219913803
0.132212575347011,0.40159265608582645,0.36414311784549025,0.10205165072167229
0.131885036354984,0.40032536880664904,0.3650549474872453,0.10273464735112163
0.13150257001063453,0.3992267812832329,0.36594957461892946,0.10332107408720312
0.13131458730651527,0.3984454694637868,0.36600212888632633,0.10423781434337162
0.13106203529020086,0.39672622350460546,0.3680390633669959,0.10417267783819775
0.13066314293328596,0.3960202540641379,0.368159811672737,0.10515679132983921
0.13034539473684212,0.39474795519203415,0.36973239687055476,0.10517425320056899
0.1300343688478094,0.39390703727184756,0.37011578631252295,0.10594280756782008
0.12976793366353165,0.39297679336635316,0.37112805387055486,0.10612721909956035
0.12945279507950128,0.3920242459357973,0.37193443791993047,0.10658852106477097
0.1290577988915281,0.3910095569457919,0.3730108282314632,0.10692181593121676
0.128745689318438,0.3906565628382978,0.3728334988783858,0.1077642489648784
0.12851495320840686,0.38943113036874905,0.374489089406562,0.10756482701628213
0.12825270499865868,0.38831261736564426,0.37508942144326207,0.10834525619243494
0.12774812875507668,0.38754069747927367,0.3761286208169704,0.10858255294867922
0.12736720683592218,0.3869284266403861,0.3760989103289172,0.1096054561947745
0.12714780483977628,0.38570259698046383,0.3773859828063529,0.10976361537340701
0.1267670421397478,0.38519274783467217,0.3772270340618409,0.11081317596373917
0.12639096309105405,0.38423706165714094,0.378622679856721,0.11074929539508405
0.12607205080649694,0.383263080986905,0.3791940650817737,0.11147080312482437
0.12564402546853556,0.38234301527662157,0.38014939140999393,0.11186356784484892
0.1254826906839291,0.3811764705882353,0.3811764705882353,0.11216436813960033
0.12518308208837514,0.3802586809076365,0.3821402014466302,0.11241803555735821
0.12490131949926694,0.37963234464869744,0.38177512123604374,0.11369121461599188
0.1245527097043651,0.37837654787840475,0.38378353971712065,0.11328720270010949
0.12428663449694312,0.37710901920012657,0.3850083061171445,0.1135960401857858
0.12415025619563619,0.3761721091744053,0.3858091370788042,0.11386849755115429
0.12385212025137293,0.37553077053728134,0.3861744890448961,0.11444262016644964
0.12350967858923795,0.3744730042159663,0.3877442313794823,0.11427308581531348
0.1233125354509359,0.37345433919455473,0.3885082246171299,0.11472490073737947
0.12306976110455083,0.3723430829321464,0.38995367426650923,0.11463348169679353
0.12280502358356538,0.3716201625277036,0.38950957549582316,0.11606523839290789
0.12247730427066505,0.3705262678892403,0.3908671019999545,0.11612932584014016
0.12224563001765075,0.36937880772077664,0.39158458122188694,0.1167909810396857
0.122086330115236,0.3680599090422076,0.3932499743540059,0.11660378648855049
0.12184490392076315,0.36753160801497103,0.39274955497740655,0.11787393308685928
0.12140629818730082,0.3665261739140367,0.39440770311482715,0.11765982478383534
0.12116708206617428,0.36552488967141517,0.39479340543754143,0.11851462282486909
0.12082126875493551,0.364409398354258,0.39604243679686874,0.11872689609393776
0.12056363844655746,0.3637300950853477,0.3962309542902967,0.11947531217779814
0.12025643084051056,0.36255834489718686,0.39777744647178226,0.11940777779052032
0.1198815304611358,0.36186015543387173,0.3978946401717349,0.12036367393325757
0.11956559213928633,0.3608458311785324,0.3994024018847325,0.12018617479744871
0.11924125475941243,0.36020843638204136,0.3994225437980974,0.12112776506044885
0.11891493575277484,0.3590706028646433,0.4012457974485331,0.12076866393404873
0.11847641884647753,0.35831133347935856,0.40183069527224097,0.12138155240192292
0.11815758191281868,0.3572772282941129,0.4029914480593673,0.12157374173370111
0.11795695322157654,0.3565742805319038,0.40265951916078424,0.12280924708573542
0.1176103175062171,0.3555491296049968,0.4046151176912845,0.12222543519750159
0.11729217087207754,0.3544356566346677,0.4053522007480575,0.12291997174519727
0.11703866890834251,0.3534581714882022,0.4059133862832628,0.12358977332019247
0.11673341459167683,0.35267281908410236,0.4058854257356782,0.12470834058854258
0.11634123663412366,0.3518014876801488,0.4068107856810786,0.125046490004649
0.11608233747192777,0.3511444163883685,0.4066721744493187,0.12610107169038504
0.1157851817334576,0.34995340167753963,0.4082828518173346,0.12597856477166822
0.11544472695887471,0.34919172362313095,0.4088035643471973,0.12655998507079708
0.11523373651520105,0.34870172325223,0.4089104749451268,0.12715406528744222
0.11488342195991351,0.3478992578741308,0.40931455618535617,0.12790276398059955
0.11459832660464572,0.3468609209525481,0.4105318588730911,0.12800889356971507
0.11432989328429018,0.34636334883502995,0.41001792261646774,0.12928883526421217
0.1139143999906166,0.34562557913133235,0.4114735446942773,0.12898647618377376
0.11363476218438051,0.34482677627715796,0.41180270111567824,0.12973576042278331
0.1133752719148686,0.3440884237756482,0.41242871421012406,0.13010759009935915
0.11308739052641492,0.3434645446840569,0.41251530275920517,0.130932762030323
0.1128804130029938,0.34233044954150066,0.4136984040923128,0.13109073336319277
0.11258997050147493,0.34178171091445425,0.4136047197640118,0.13202359882005898
0.1123134901414108,0.34094533769655155,0.4147459449242147,0.13199522723782295
0.11203481428047728,0.3402197178435013,0.41467308397289593,0.13307238390312548
0.11177160179516632,0.33928169664531255,0.4161091309547774,0.1328375706047437
0.11147731449098389,0.33841539318782676,0.4164246167707975,0.13368267555039182
0.1112983822150479,0.3373728501738852,0.4177042408992178,0.13362452671184913
0.11101737208583855,0.33684260557522755,0.41760735758929635,0.1345326647496376
0.11070523422533703,0.33601846673726543,0.4193448591792297,0.13393143985816786
0.11021745606196008,0.3352278820375335,0.42004170390229373,0.1345129579982127
0.10993127803760619,0.3343514364799084,0.4211248448983488,0.1345924405841367
0.10959231467762749,0.33344883620895666,0.4215695645939875,0.1353892845194284
0.10926954190799866,0.332583409123546,0.42314872433105166,0.13499832463740366
0.10908873045353784,0.3318794559942484,0.42293451560721346,0.1360972979450003
0.10892812136196157,0.3309369786728436,0.4236026931985934,0.13653220676660147
0.10870636303551043,0.33009673736706124,0.4237817701135613,0.13741512948386708
0.10834456532203716,0.32940213728699336,0.4244728988158275,0.13778039857514202
0.1080393834584654,0.3287096735318575,0.424721917593608,0.13852902541606912
0.10776080503873163,0.3277950722749101,0.42599966215400953,0.13844446053234874
0.10746427320278808,0.3274785276814728,0.42542370833887005,0.1396334907768691
0.10714328917921732,0.3265590032057098,0.42637149942539165,0.13992620818968124
0.10686338638951474,0.3256292850740122,0.4265450493010636,0.14096227923540955
0.10666585794868684,0.324437435555286,0.4278401164553891,0.14105659004063809
0.10629433485569915,0.32386308424837235,0.4283354387328734,0.1415071421630551
0.1058751976645177,0.3228804281717553,0.42961926772898673,0.1416251064347403
0.10558310085640844,0.32174400331355757,0.43039701779818973,0.14227587803184427
0.1053312187385629,0.3208734903013298,0.431474929852385,0.14232036110772234
0.10503750030537708,0.3199008135245401,0.43166882466469597,0.14339286150538685
0.10482272627174631,0.3189948371626416,0.4329442853996917,0.14323815116592037
0.1044894959269921,0.3182581000796227,0.43346603785141175,0.14378636614197343
0.10425558008339465,0.3171326956095168,0.4349399067942114,0.1436718175128771
0.10396915066070639,0.31697941739942037,0.43435918848553323,0.14469224345434004
0.10370689125222844,0.315706645355628,0.4361713899305342,0.1444150734616094
0.10346143900306616,0.31462030070558683,0.43671267962910515,0.14520558066224187
0.10318761945865959,0.31390344657500463,0.4372772674024292,0.14563166656390653
0.10293936025688527,0.31314066938372237,0.43822403359268863,0.14569593676670373
0.10269226962288429,0.3124319509056716,0.4393991883598931,0.14547659111155103
0.10249259410751249,0.31167961923177034,0.43932126079896877,0.14650652586174842
0.10208767748982227,0.31090507397477907,0.4404974679773607,0.14650978055803793
0.10190663219648007,0.31026896688873423,0.4405264989559511,0.14729790195883463
0.10163689550009336,0.3094043692039584,0.441787514781851,0.14717122051409723
0.10130890052356022,0.3087758663674894,0.44194714535028673,0.14796808775866369
0.10096381932133137,0.30793527928287845,0.44299483133161877,0.1481060700641714
0.10071519667908675,0.30769711670709443,0.4427342519192778,0.148853434694541
0.10041951036253209,0.30703149458393336,0.44366664579550436,0.14888234925803018
0.10012793497892836,0.30634156130844875,0.4445865944210315,0.1489439092915914
0.09987062414429804,0.3057917676761333,0.44563073869845377,0.1487068694811149
0.09960876074020958,0.30544338352769496,0.4461888767281831,0.14875897900391238
0.09938130819924144,0.30469626138783534,0.4476128072982951,0.1483096231146281
0.099136843167937,0.30431326030992883,0.44812225531270505,0.1484276412094291
0.09886902129272762,0.3037846717634422,0.44980097302078725,0.1475453339230429
0.09865856745127816,0.3032649962034928,0.4500632751202227,0.14801316122500632
0.0983274201723264,0.3026862645717182,0.4511150532184491,0.14787126203750633
0.09801532917110807,0.3021674026699152,0.45181716664128724,0.14800010151768947
0.09772591490930353,0.30141478854440756,0.4533170626294983,0.1475422339167906
0.0974905194573821,0.3008958794634904,0.45341172278638875,0.1482018782927388
0.09717832381729201,0.30034155791190864,0.4546671084828711,0.14781300978792822
0.09700520833333333,0.29967064950980393,0.4551674836601307,0.148156658496732
0.09663521771368669,0.29880340569149344,0.4560098182097108,0.14855155838510906
0.09634419617132979,0.29844420257378834,0.4561239515974134,0.14908764965746846
0.09595492928826262,0.29777213110546447,0.45776545776545774,0.14850748184081516
0.09568190875316561,0.29721425908547483,0.4575454113049403,0.1495584208564193
0.09549317537986093,0.29624002060262683,0.45918104558331185,0.14908575843420036
0.095124437162136,0.2957463004296275,0.4595337315666568,0.1495955308415797
0.09479071089802406,0.2952016644912834,0.4605394088988253,0.14946821571186725
0.09458724858274443,0.2943232119282442,0.46162408428464186,0.14946545520436955
0.09432519313527246,0.29351376574895005,0.46318763934256235,0.1489734017732151
0.0941038961038961,0.29309090909090907,0.463025974025974,0.1497792207792208
0.09383538473548622,0.2924223893413828,0.4645059720523563,0.1492362538707747
0.09340702312364764,0.2917959279438984,0.4653275632837144,0.14946948564873955
0.0931611319325646,0.290935920707262,0.46655000848818834,0.14935293887198506
0.09280387282480701,0.29054036373151904,0.46647913123119195,0.150176632212482
0.09254016932714738,0.28988755209562006,0.4678252208330057,0.1497470577442269
0.09221376050420169,0.28953518907563025,0.46773897058823527,0.15051207983193277
0.09196143170965917,0.28880177845595295,0.4690414490732824,0.1501953407611055
0.09168654218661466,0.2882894754180448,0.4691852574154357,0.15083872497990486
0.09143837877087596,0.2875437322595551,0.4703280744603604,0.15068981450920854
0.09110867178924259,0.28686866015103224,0.4707523838493381,0.1512702842103871
0.09087415691626803,0.2861515629347927,0.47207388659944083,0.15090039354949847
0.09056879272582465,0.28588305568460876,0.4719187628592288,0.15162938873033782
0.09035776034047081,0.2849182072084054,0.47340071818060914,0.1513233142705147
0.09029119744119411,0.28416072499500233,0.4735390151262744,0.15200906243752915
0.09000347194402158,0.2837646556098603,0.474254199716903,0.15197767272921509
0.08979504468346979,0.2834055760689249,0.47423342430566706,0.15256595494193825
0.08943601565431834,0.28267570900123307,0.47551332225379295,0.15237495309065566
0.08934684835872994,0.28196281130428946,0.4755991139155535,0.15309122642142714
0.08908440283046788,0.28110958646110795,0.47695536362902574,0.15285064707939838
0.08888649318797417,0.2806743299149676,0.4772326060883744,0.15320657080868383
0.08871098390754942,0.2801868452316665,0.47776487741656765,0.15333729344421643
0.08846601206416187,0.2797614217317212,0.478076226027212,0.15369634017690498
0.08822333649546009,0.2788995798888738,0.4789808917197452,0.15389619189592085
0.08794177947346268,0.2786112883735455,0.4788258136345739,0.15462111851841795
0.0877796667800068,0.2779462767766066,0.47960557633458006,0.15466848010880652
0.08764565587734242,0.27743781942078366,0.4797274275979557,0.15518909710391823
0.08732467461520602,0.2769150926646727,0.480367654088308,0.15539257863181327
0.08717485598566015,0.2762612372234309,0.4809873705239249,0.15557653626698412
0.08681707283642644,0.2757476904520409,0.48178404013267906,0.1556511965788536
0.08640329783579526,0.2753555479216764,0.4820336654070766,0.15620748883545174
0.08600625249617827,0.2747104433212599,0.4835493244825164,0.15573397970004546
0.08571231459123836,0.2744118661607451,0.48354605036219384,0.1563297688858227
0.08546618547863,0.2738208819015224,0.4849075648843351,0.1558053677355125
0.0851957048839626,0.2735988915829581,0.48483546934534116,0.15636993418773815
0.0849566122874002,0.2730857341200972,0.48559527941686914,0.15636237417563345
0.08464887269288009,0.272973837573195,0.48484637745663933,0.15753091227728555
0.08428712829878296,0.27237874837936177,0.48656787163151216,0.15676625169034308
0.08417155630064264,0.27176585638446493,0.4870913663034367,0.15697122101145572
0.08383392844640482,0.2711755233494364,0.48834278512917456,0.15664776307498424
0.08352980801616706,0.2707140451330414,0.48868867183114406,0.15706747501964746
0.08331224162659243,0.26998790742146855,0.48979161393739984,0.1569082370145392
0.08300333986274151,0.26959879370358364,0.490156564873663,0.15724130156001184
0.08272715716323677,0.2687467337109281,0.4914899927965084,0.15703611632932668
0.08250983945408727,0.26822776566526035,0.49143471982331455,0.15782767505733783
0.08226195544203208,0.267589044983681,0.4925784021569462,0.15757059741734072
0.08201524806554393,0.2668553709604006,0.4931867319071461,0.1579426490669094
0.08182699435479272,0.26616582083594686,0.49379882534070824,0.15820835946855222
0.08143224699828473,0.26585191538021724,0.49381074899942823,0.15890508862206976
0.08112366954603406,0.26524560574154454,0.49464953371438397,0.15898119099803745
0.08075238710603776,0.26502979395505777,0.4942924833082059,0.15992533563069855
0.08048359240069085,0.26459412780656305,0.49471790443293034,0.16020437535981577
0.08017316017316017,0.2643434343434343,0.49473304473304475,0.16075036075036075
0.07989869753979739,0.26347322720694644,0.4965123010130246,0.16011577424023155
0.07972086815227483,0.2631151346332405,0.4960683611884865,0.16109563602599813
0.07948233241238913,0.26226552275701615,0.4965391885996801,0.16171295623091464
0.07929104477611941,0.2619082322761194,0.496181203358209,0.16261951958955223
0.07911577347904857,0.2613377359593244,0.49701946116533224,0.1625270293962948
0.07890805776046396,0.26090331273249173,0.49742245394100937,0.16276617556603498
0.07862429511278196,0.26011806860902253,0.4988986137218045,0.16235902255639098
0.07839500721245841,0.25985457328740913,0.4987341399511319,0.16301627954900055
0.07821097195792952,0.25909043973388796,0.49971235119706153,0.16298623711112095
0.07804271936571801,0.2585054138808355,0.5002218803621088,0.1632299863913378
0.0778390722780793,0.25767417029984874,0.5011715158525373,0.16331524156953467
0.07758402830427091,0.25751832196108165,0.5012115536131055,0.16368609612154186
0.0773324190975897,0.25680087051142547,0.502347697765588,0.16351901262539686
0.07714618903806476,0.25660078342253984,0.5020333104087552,0.16421971713064018
0.07690232460544656,0.2561712204553289,0.5030050508835299,0.1639214040556946
0.07677514348387872,0.25567174494425915,0.5035157306409448,0.1640373809309174
0.07639569049951028,0.25520982445566187,0.5043170345814812,0.16407745046334665
0.07615854026947012,0.25475802066340403,0.5047127061808954,0.16437073288623044
0.07595626760350102,0.2543384112177837,0.5048002665132196,0.16490505466549563
0.07554590457679108,0.2540468308682844,0.5051629361921827,0.16524432836274183
0.07527667412583154,0.2534441552115206,0.5062489534334993,0.1650302172291486
0.07502061005770816,0.25306097523739735,0.5063509511159965,0.16556746358889804
0.0747991122675442,0.25257518940843343,0.5071248182444326,0.1655008800795898
0.07458449072297847,0.2523288470097144,0.5073280029465478,0.16575865932075934
0.07434429257480606,0.251677749045684,0.5084810983868981,0.16549685999261174
0.07413066629624485,0.2513929403775216,0.5083576422651294,0.16611875106110416
0.07381096098187614,0.2509479809939484,0.5093559920137438,0.16588506601043165
0.07347394887554128,0.2507954245627105,0.509661498347069,0.16606912821467926
0.07328759664597626,0.2504005849317839,0.5101351876915419,0.16617663073069802
0.07315779621888063,0.2498440132276783,0.5102951269732326,0.1667030635802084
0.0729266042132591,0.2492766769365509,0.5112838397898062,0.16651287906038378
0.07261352232814852,0.24913760662318113,0.5111013547415956,0.16714751630707475
0.0723990439048937,0.24861617813561454,0.5118253868411121,0.16715939111837966
0.07220119836013876,0.24820245979186376,0.5118101545253864,0.16778618732261116
0.07197963765137383,0.2477946058747273,0.5125999936762893,0.16762576279760963
0.07172192886478601,0.2473241044669616,0.5127570841856556,0.16819688248259676
0.0715035465504628,0.2468908044148987,0.5133114920958046,0.16829415693883393
0.07113351090129029,0.24657490550088518,0.5129427901561429,0.1693487934416817
0.07090746192243697,0.24616024574427237,0.5137751183924228,0.1691571739408678
0.07073851782905928,0.2455788426356838,0.513720833199602,0.1699618063356549
0.07051704993482563,0.2448624901433836,0.5146521620186351,0.16996829790315574
0.07033821725940748,0.24427160653198218,0.5148454140579617,0.17054476215064868
0.07019333527640144,0.243531202435312,0.515560737070501,0.17071472521778555
0.07007486561540835,0.24341880897088197,0.5152410802734787,0.17126524514023092
0.06975190995129421,0.24302399452670673,0.5160044959194644,0.17121959960253466
0.06953707336210278,0.24238263371256702,0.5162318556296587,0.1718484372956715
0.06939023190212222,0.24177518286482763,0.5168268442286876,0.1720077410043625
0.06912722964523135,0.24132824326992694,0.5169321398012242,0.17261238728361747
0.06894160764697142,0.2406847935548842,0.5181021247090287,0.1722714740891156
0.06868864129265102,0.24015363475324072,0.518119960929093,0.1730377630250153
0.06853204915310528,0.2396047824642976,0.519561607439389,0.17230156094320823
0.068215892053973,0.23931367649508578,0.5192736964850908,0.17319673496585042
0.06799264582985125,0.23862610730402808,0.5198729734247033,0.17350827344141734
0.06777557932861598,0.23837150809886315,0.5200710956101814,0.17378181696233944
0.06751778775798557,0.2375738002724933,0.5213032581453634,0.1736051538241577
0.0673700202565834,0.23717083051991897,0.5206617150573937,0.174797434166104
0.06715684613560126,0.23664148002575136,0.5216514756209129,0.17455019821773457
0.0668481034189488,0.23623065147133868,0.5217043714917503,0.17521687361796223
0.06663366843605455,0.23560736657051665,0.5227261089965693,0.17503285599685947
0.06642237024606586,0.23531224849740578,0.5224575763283618,0.17580780492816658
0.06624838848302536,0.23477438762354963,0.5233519553072625,0.17562526858616245
0.06593292851228263,0.23437068727573834,0.5235302235716257,0.1761661606403533
0.06570063363456945,0.23383885599529103,0.5241162009625705,0.17634430940756898
0.0654572625067334,0.23378338459399817,0.5238318650193748,0.17692748787989365
0.0652776566995031,0.2334931566559149,0.5242263098247755,0.17700287681980648
0.0649068757877048,0.23324814451757456,0.5240162442234981,0.17782873547122252
0.06474112335072647,0.23285721815211088,0.5242713329468192,0.17813032555034347
0.06458494957331265,0.2328267155652726,0.5233972776641512,0.17919105719726355
0.06441337816315697,0.23227747301362592,0.5239426650150416,0.17936648380817555
0.06405586453206347,0.23207590753211677,0.5236233763926154,0.18024485154320438
0.06380512509585035,0.23177060113772135,0.5241186226081994,0.18030565115822886
0.0636239879630293,0.23164003725729024,0.5236798738984022,0.18105610088127821
0.06330365974282888,0.23123819800377665,0.5246650481071846,0.18079309414620987
0.06304273257388385,0.2307053492444621,0.5246339658067195,0.18161795237493455
0.06281488999238827,0.23052665917575846,0.5255536626916525,0.1811047881402008
0.06268303774442928,0.2302137335152342,0.525075034106412,0.1820281946339245
0.06246236382547764,0.2299045637853324,0.5263955037316838,0.18123756865750626
0.062177209626021024,0.2295886597560529,0.5265008607743306,0.18173326984359547
0.061903623761284034,0.22926587119192512,0.5267783272967954,0.1820521777499954
0.061799723119520075,0.22890632210429165,0.5265528380249193,0.18274111675126903
0.061519076472659216,0.22871384364519057,0.527211073433765,0.18255600644838513
0.06115235065394132,0.22851667875946494,0.5269669401499507,0.18336403043664304
0.06106970053615797,0.22800724840740533,0.5273216387378804,0.18360141231855628
0.060900562851782365,0.2274859287054409,0.5276360225140713,0.18397748592870544
0.060699685386484806,0.22710574405154388,0.5287014185866883,0.18349315197528307
0.06066565809379728,0.22668305597579425,0.5290279878971256,0.1836232980332829
0.060409944961093184,0.22626684380337825,0.5298538622129436,0.18346934902258494
0.06022489041356966,0.22578616352201258,0.530150562226034,0.18383838383838383
0.060038277511961724,0.22539712918660287,0.5307751196172249,0.18378947368421053
0.059790962188748846,0.22485013833384568,0.5310098370734706,0.18434906240393484
0.05952449817782148,0.22446539789051503,0.5316326333853956,0.1843774705462679
0.05942031791515809,0.22439931073205677,0.5311429069294662,0.18503746442331895
0.05925695511013473,0.2238855298714933,0.5318933841398216,0.18496413087855046
0.05902445689301817,0.2234887670056409,0.5316690414381355,0.18581773466320536
0.058935398490344085,0.22299774531908637,0.5321243015390648,0.18594255465150475
0.05871111373800658,0.2229840219083082,0.5315128947731348,0.18679196958055047
0.058427544696774705,0.22266220523887778,0.5317876729958224,0.18712257706852514
0.058246828143021914,0.22230839597502286,0.5314003897705126,0.18804438611144256
0.0579658037711729,0.22175615212527963,0.5320389900926814,0.1882390540108661
0.0577784023609243,0.22141695609403544,0.5317299391700628,0.18907470237497742
0.05756512621985644,0.22082426002096944,0.5325026211791274,0.1891079925800468
0.05736095081900828,0.22057543177630645,0.5317175889368078,0.19034602846787746
0.05722419928825623,0.21982714794102695,0.5328317234367056,0.1901169293340112
0.056956077630234934,0.21922369765066393,0.5331154239019408,0.19070480081716037
0.05676013866951117,0.21877371843524995,0.5338776180024206,0.1905885248928183
0.056620101372233896,0.2181357398936828,0.5345737009107018,0.19067045782338155
0.05639019948679745,0.21749027398394172,0.5356344673454184,0.1904850591838424
0.056364089982951476,0.21732712378893093,0.5346376148696411,0.19167117135847644
0.05601755119097367,0.21652737150020895,0.5360635185959047,0.19139155871291266
0.05570826076921463,0.21624457080509452,0.5363939654629766,0.1916532029627143
0.055389284660456096,0.21576107574927286,0.5379378662057919,0.1909117733844792
0.05525669264656049,0.2157954930532023,0.5375720094883091,0.19137580481192815
0.05515597735881176,0.21547431587011107,0.5370685619440779,0.1923011448269992
0.05503292568203198,0.2151928504233302,0.5369238005644402,0.19285042333019756
0.05481716874583986,0.21463079466643764,0.5373714383870483,0.1931805982006742
0.05474043067362879,0.21438743365123203,0.536982695378242,0.19388944029689725
0.054580136125200504,0.21402869900723978,0.5381930896952356,0.1931980751723241
0.05445361318556903,0.21402599664699862,0.5382002656273814,0.19332012454005096
0.054164660568127104,0.21370420624151967,0.5384952072482164,0.19363592594213683
0.05394884426752293,0.21326618135432932,0.5386087224262684,0.1941762519518793
0.053916694287923984,0.21272787537288698,0.5389901668323942,0.19436526350679484
0.05364716331741978,0.2126346175197069,0.5385811035860997,0.19513711557677363
0.05339849154282144,0.21252287231668676,0.5395412147989468,0.19453742134154506
0.05336562177676129,0.21207229023723037,0.539732723440513,0.19482936454549532
0.05303730418122394,0.211856192944889,0.5399752056801532,0.1951312971937338
0.052767519314860546,0.21170446564107212,0.5397965425833201,0.1957314724607472
0.05254052085230377,0.21109542888362776,0.540270442542342,0.19609360772172646
0.052324517250846525,0.21105976022696074,0.5391919099478356,0.1974238125743571
0.05204332727732677,0.21093300830209508,0.5398661545891498,0.19715750983142838
0.0519345444459853,0.21065039522951046,0.5401932233162299,0.1972218370082744
0.05156101076318665,0.21042843526977706,0.5410884069088965,0.19692214705813982
0.05138690907391396,0.21024466618372165,0.5408127497487907,0.1975556749935737
0.05124289272120671,0.20974108359569568,0.5414454207978948,0.19757060288520276
0.05112575897181468,0.20920452666146905,0.5410258227608855,0.1986438916058308
0.05080074133916267,0.20852540037066958,0.5414627191940312,0.19921113909613647
0.050411940298507464,0.20814328358208956,0.5416835820895523,0.19976119402985074
0.050338632979489886,0.20788702627407657,0.5422210480810797,0.19955329266535377
0.05011956232941233,0.20741044902297046,0.5428129755319919,0.19965701311562523
0.050129939523474124,0.2070531659096981,0.5430014815534452,0.19981541301338257
0.04982788506139987,0.20695295525011598,0.5421498498571812,0.20106930983130294
0.049663671625668974,0.2065350812588992,0.5429862031717975,0.2008150439436343
0.04945827883215282,0.2061748809200622,0.5427083590414373,0.20165848120634763
0.049205994184746145,0.20559656055070952,0.5433037600337981,0.2018936852307463
0.04912008799120088,0.204979502049795,0.5432456754324567,0.20265473452654734
0.04891113011115023,0.20492380425489112,0.5438062666599608,0.2023587989739979
0.048652751423149905,0.20465528146742568,0.5434535104364326,0.20323845667299179
0.04850983685831361,0.20432160036649613,0.543763202769082,0.20340536000610826
0.048299528785085026,0.2043382503585331,0.5427934849416103,0.20456873591477157
0.04796639002010413,0.2036960668075674,0.5432238775194598,0.2051136656528687
0.04779564315352697,0.20339730290456431,0.5426607883817427,0.20614626556016596
0.04747495826377295,0.20317717028380636,0.5442664858096828,0.2050813856427379
0.047293043751967266,0.20299548840625328,0.5434372049102927,0.20627426293148673
0.047069998153083034,0.20255402232131078,0.5447085828869951,0.2056673966386111
0.046947983014862,0.2023619957537155,0.5449575371549894,0.20573248407643313
0.04684203498464414,0.20192282013619975,0.5457070369875818,0.2055281078915743
0.04644162545689099,0.20159643087508064,0.5449634487207052,0.20699849494732317
0.046225419923724,0.20142814638500448,0.5446430986448838,0.20770333504638772
0.04620327261836696,0.2013123145198617,0.5442293555501103,0.20825505731166108
0.046143722753817895,0.20099799851945274,0.5449236421462451,0.2079346365804842
0.04606769468428457,0.20062894816694712,0.5445091169898761,0.20879424015889217
0.04582292533999445,0.2006383569247849,0.5448237579794616,0.2087149597557591
0.045849030277661504,0.20005581135761127,0.544579321892005,0.2095158364727222
0.04575604272062957,0.19983136593591905,0.5452782462057335,0.2091343451377178
0.04564350555696954,0.19965498713271684,0.5447809733887616,0.209920533921552
0.04567574489883036,0.19955035715302086,0.5445231793733458,0.21025071857480293
0.04547537227949599,0.19948453608247424,0.5444158075601374,0.21062428407789233
0.04547682902211841,0.19897915044554026,0.544885659082389,0.21065836144995242
0.04530415602507546,0.199094497329928,0.5441432551660088,0.2114580914789877
0.04525918779054469,0.1988714440253779,0.5446305879601204,0.21123878022395695
0.0449057714958775,0.19858657243816255,0.5441696113074205,0.21233804475853946
0.044775234254536826,0.19822678211362826,0.5446269718894556,0.21237101174237932
0.044516764697100884,0.19810109575135104,0.544083838413997,0.21329830113755113
0.04431350148813998,0.19784745813666837,0.5448095481465893,0.21302949222860235
0.04426681200230115,0.1975959063796288,0.5441305598449753,0.21400672177309474
0.044317696577807604,0.19727932654181662,0.5438601842249741,0.2145427926554017
0.04437069813176008,0.19696411012782694,0.5431723205506391,0.21549287118977384
0.04426559356136821,0.19690450394675746,0.5441572511995048,0.2146726512923696
0.044243369734789394,0.19697347893915756,0.543588143525741,0.215195007800312
0.044228897887434476,0.19703675801236778,0.5435853972439338,0.21514894685626393
0.04407251558199133,0.19666529566235327,0.543107539469105,0.21615464928655045
0.04358786176967995,0.19656019656019655,0.5438909984364529,0.21596094323367052
0.0435244161358811,0.19661583992794185,0.5428167020523709,0.21704304188380621
0.04341909143931048,0.19651999222344632,0.5431922752900007,0.21686864104724257
0.04330348388783581,0.19615661154323813,0.5430093470161449,0.21753055755278122
0.04290331090885108,0.19631315129930088,0.5435298773248912,0.21725366046695688
0.04266001662510391,0.19594347464671655,0.5443391521197007,0.2170573566084788
0.042516835862900795,0.19532951385398867,0.5449793949140617,0.2171742553690488
0.042073603460511644,0.1953634551045926,0.5437464093812308,0.21881653205366497
0.04194207836456559,0.1952640545144804,0.5445996592844975,0.21819420783645657
0.041602306662547626,0.19472762846256822,0.5449490268767377,0.21872103799814643
0.04113814375823109,0.19470437374367505,0.5451930408262285,0.21896444167186524
0.04086051547111825,0.194768457078997,0.5455751903331704,0.2187958371167144
0.04083503773185697,0.19451301220114253,0.5459834967205022,0.21866845334649834
0.04059053717538243,0.19430807541800071,0.5461401636428317,0.21896122376378513
0.04038192325639829,0.1939768118022901,0.5458200222549265,0.219821242686385
0.0399623543039166,0.19416491710707304,0.5456092087164266,0.2202635198725838
0.03972808011403092,0.1943642410730602,0.546690544936223,0.2192171338766858
0.03946009735949255,0.19423956335742734,0.5458769730048679,0.22042336627821213
0.03934170443569359,0.19358793372464522,0.5470317259826138,0.22003863585704733
0.03895178825822899,0.19344680212941442,0.5473119892029692,0.22028942040938743
0.03867403314917127,0.1931809581472792,0.5478695224400212,0.22027548626352833
0.038639050997444406,0.19285196628142046,0.5478887744593203,0.22062020826181486
0.03849414303329223,0.19262484586929715,0.5479731812577066,0.22090782983970406
0.0385139078000389,0.19225831550282046,0.5468196848862089,0.2224080918109317
0.03834066624764299,0.19244971715901948,0.546865179132621,0.22234443746071653
0.038018890388126045,0.1922374791650131,0.5470275418684023,0.22271608857845862
0.037851478010093725,0.19190098534006247,0.547945205479452,0.22230233117039172
0.037819034906766975,0.19196699429680864,0.5475872669174453,0.2226267038789791
0.037792833238103014,0.19194351481511712,0.5471390090604848,0.223124642886295
0.03761600329964941,0.19179212208702826,0.5467519076098165,0.2238399670035059
0.03733644470372531,0.19155762980248353,0.5468789065755479,0.22422701891824318
0.0372255405064356,0.1915958610246488,0.5460166568520232,0.2251619416168924
0.03731850216523733,0.19134754181879934,0.5457671733038975,0.2255667827120659
0.037033858301506246,0.19139166630905893,0.5449083808951637,0.22666609449427114
0.03703221889770608,0.19127531329951,0.5445557434629895,0.22713672433979445
0.03705165307375252,0.19126545645882662,0.543102692273963,0.22858019819345787
0.036754937560889205,0.1908599769728102,0.5436630945000442,0.2287219909662563
0.036611533303531514,0.19065713008493518,0.5441662941439428,0.22856504246759052
0.03652370203160271,0.1910158013544018,0.5443340857787811,0.22812641083521445
0.03629639775373236,0.19088709309227048,0.5440807195361366,0.22873578961786056
0.03626895248628969,0.1906539471865063,0.5436656067099866,0.22941149361721738
0.03602848764139087,0.19042964204254526,0.5443839314807056,0.22915793883535818
0.035971561749611566,0.1907340270257545,0.5438109138848345,0.22948349733979942
0.03577034676306902,0.19159967654473672,0.542691338058317,0.22993863863387717
0.03560959200346004,0.19164784468258927,0.5444759479071556,0.22826661540679513
0.035443775490386485,0.19120217517964652,0.5441833365702078,0.22917071275975917
0.03526757247265414,0.19110217295335263,0.5439741011428851,0.22965615343110807
0.03526960662731286,0.19038642789820923,0.5435289448881393,0.2308150205863386
0.03502257902659307,0.19006522829904665,0.5444054189663824,0.23050677370797792
0.035155456208087785,0.18990042674253202,0.5429790692948587,0.23196504775452143
0.03519785931148047,0.18942005866309886,0.5434570061236041,0.2319250759018165
0.035383011985409066,0.18957790515893694,0.5424179260031267,0.23262115685252735
0.035199746688479604,0.189878093830809,0.5431421183175893,0.23178004116312206
0.03518152168101374,0.18980912153130514,0.5424798160722879,0.23252954071539325
0.035079184908923845,0.18934111669639478,0.5426733690070807,0.23290632938760067
0.0348691042247363,0.18904738481718314,0.5422200360714872,0.23386347488659343
0.0350547384717461,0.18887537321685283,0.5421320358288179,0.23393785248258323
0.03478358125489319,0.18851358908399507,0.5416620064869702,0.2350408231741416
0.03492980072463768,0.1877830615942029,0.5419497282608695,0.23533740942028986
0.03455389375966993,0.1881840582201593,0.5402555727465475,0.23700647527362328
0.03430889597218197,0.18771370617212402,0.5402492031295276,0.23772819472616633
0.03395406215120719,0.18833343124008695,0.539740351289432,0.23797215531927393
0.033856022808267994,0.1876336421952958,0.5416369684010454,0.23687336659539082
0.033753239708275574,0.18757157495027424,0.5411367608944608,0.23753842444698933
0.033840327408221856,0.18758780770875327,0.5416895730254718,0.236882291857553
0.033479794541741444,0.18763537347608145,0.5410607092023021,0.237824122779875
0.03309307427138828,0.18746474459417112,0.5413350047007208,0.23810717643371984
0.033191597385289075,0.1875991622770832,0.5409659199086121,0.23824332042901566
0.03321768182986379,0.18729118478540221,0.5415702904137754,0.2379208429709586
0.03307291666666667,0.18743489583333334,0.5412109375,0.23828125
0.032967758985200844,0.1882267441860465,0.5409619450317125,0.23784355179704017
0.032560005348666175,0.18867419937153174,0.5404158587952129,0.23834993648458916
0.032177041612925124,0.18926074265155116,0.5403570701242278,0.2382051456112959
0.032102507577845135,0.1887572333976302,0.5397492422154864,0.2393910168090383
0.03204412175370008,0.18877408545099134,0.5401424183189053,0.23903937447640325
0.032189600282985495,0.18804386275203397,0.5405022992571631,0.23926423770781746
0.032010885133199656,0.18834144944142078,0.5400315095961042,0.23961615582927528
0.03193033381712627,0.18824383164005806,0.540711175616836,0.2391146589259797
0.031791483113069015,0.1882525697503671,0.5415565345080764,0.23839941262848752
0.03189032113851427,0.18813799269801057,0.5401236867595559,0.23984799940391924
0.0315407306557749,0.18788291354663036,0.5402768323122306,0.24029952348536418
0.031612061689557276,0.18813780403590885,0.5382490600782629,0.242001074196271
0.03158058494088364,0.1875388923459863,0.5378033602986932,0.24307716241443683
0.03133385951065509,0.1877663772691397,0.5365430149960537,0.24435674822415154
0.03136752820676963,0.18716491958069936,0.5357285748579659,0.2457389773545651
0.03140214216163583,0.18792599805258034,0.5348101265822784,0.24586173320350535
0.03065765617273776,0.188478655018955,0.5345310697214439,0.24633261908686335
0.030551602912865156,0.18883401690801038,0.5336904662258307,0.24692391395329372
0.030318471337579617,0.18819532908704883,0.5343524416135881,0.24713375796178344
0.029994828477848647,0.18832959834511293,0.5330977417686605,0.24857783140837786
0.029545454545454545,0.1883741258741259,0.5326048951048951,0.24947552447552448
0.029213283608595274,0.18913159296750134,0.5310779612857397,0.2505771621381637
0.029199711607786588,0.18862653208363375,0.5330749819754866,0.249098774333093
0.028992134625937444,0.18840314614962503,0.532924821657216,0.2496798975672215
0.028539555638189086,0.18936506460909175,0.5315608441015153,0.25053453565120387
0.028603794958935145,0.19021995657509677,0.5310110450297366,0.2501652034362315
0.028530397319291526,0.1907132599329823,0.5302058401148875,0.2505505026328387
0.028067439820680246,0.19081960822531918,0.5296754702270734,0.2514374817269272
0.027882143563377496,0.190923472414475,0.530057346252719,0.25113703776942853
0.028102336825141017,0.1904713940370669,0.5306204673650282,0.2508058017727639
0.028190671450538187,0.18974884674525885,0.5311122501281395,0.25094823167606356
0.028006246746486205,0.18979698073919835,0.5304528891202499,0.2517438833940656
0.02824500158679784,0.18935787580662225,0.5306251983497302,0.2517719242568497
0.028384044726373507,0.18890441887969037,0.5296204709171057,0.25309106547683047
0.028017948998577215,0.18835503994746636,0.5296049031410748,0.2540221079128817
0.027957228781465806,0.18924036533749164,0.5287369124526621,0.2540654934283805
0.027692307692307693,0.18883190883190884,0.5293447293447293,0.25413105413105413
0.027845457709711103,0.18842093050237846,0.530804037591368,0.2529295741965425
0.02737140160453044,0.18865030674846625,0.5310287871637565,0.2529495044832468
0.02736109444377775,0.18792751710068403,0.531141245649826,0.2535701428057122
0.02726494681501406,0.1891429270081917,0.5295268370216408,0.2540652891551534
0.027232031832877392,0.18851032081571747,0.5281024620741109,0.2561551852772942
0.0270748987854251,0.18838562753036436,0.5297317813765182,0.2548076923076923
0.02706534347209692,0.18752416548524295,0.5294496713494007,0.25596081969325946
0.026881720430107527,0.1875163912929452,0.52884867558353,0.2567532126934173
0.026438776872746695,0.1880090799839765,0.5287755374549339,0.25677660568834293
0.02590181719555194,0.18850013561160836,0.5284784377542717,0.25711960943856793
0.025835866261398176,0.1880353688864327,0.5284609008013263,0.2576678640508428
0.025601350400900266,0.1875087916725278,0.5291883527922352,0.25770150513433676
0.025398191993112353,0.18783182666092696,0.527048357009614,0.25972162433634666
0.02475827717550542,0.1879578083797246,0.5271022560796953,0.26018165836507473
0.02454354983537863,0.18811733014067644,0.5246932056270578,0.26264591439688717
0.02483620295596526,0.18741429224440043,0.5255218650007618,0.2622276397988725
0.02517091361093847,0.18784959602237414,0.5259477936606588,0.2610316967060286
0.024730500951173115,0.187856689917565,0.5258402029169309,0.261572606214331
0.02465931213497729,0.18964957819597664,0.5248215444516547,0.2608695652173913
0.024430505117200397,0.18950148563882468,0.5255860019808518,0.26048200726312315
0.024755810037049512,0.18996295048837994,0.5245874031660491,0.2606938363085214
0.024398625429553265,0.19037800687285222,0.5235395189003437,0.2616838487972509
0.024381687423259076,0.19207156639186107,0.5227153131029644,0.2608314330819155
0.023818051575931233,0.19126074498567336,0.5218481375358166,0.2630730659025788
0.023892029910632866,0.1916833850082072,0.5214298741564837,0.26299471092467624
0.02418154761904762,0.19233630952380953,0.5180431547619048,0.2654389880952381
0.024468892261001518,0.19328528072837634,0.5166919575113809,0.26555386949924126
0.024686595949855353,0.19344262295081968,0.5186113789778206,0.26325940212150434
0.024877571008814887,0.19451518119490696,0.5159647404505386,0.26464250734573946
0.0249500998003992,0.19441117764471058,0.51437125748503,0.26626746506986027
0.024484799020608038,0.19567435217302592,0.5129565394817385,0.26688430932462764
0.02455264253017062,0.19642114024136495,0.5137328339575531,0.26529338327091134
0.02441095308851624,0.19783485459562725,0.5111441307578009,0.2666100615580556
0.024480069324090123,0.19800693240901213,0.5103986135181976,0.2671143847487002
0.024320141499005084,0.1972142383373867,0.5111651558699978,0.26730046429361043
0.02422458682363595,0.1971926647045506,0.5114330993887254,0.2671496490830881
0.02388682745825603,0.1971243042671614,0.5111317254174397,0.26785714285714285
0.023272381857041082,0.1966278793635716,0.5115174542863927,0.26858228449299454
0.022915650901999023,0.196977084349098,0.5107264748902974,0.2693807898586056
0.02280130293159609,0.19769481332999247,0.511400651465798,0.2681032322726134
0.022540983606557378,0.1992827868852459,0.5105020491803278,0.2676741803278688
0.022542595019659238,0.19921363040629095,0.510615989515072,0.2676277850589777
0.022311827956989248,0.19946236559139785,0.5120967741935484,0.2661290322580645
0.02237380627557981,0.19699863574351978,0.5159618008185539,0.2646657571623465
0.0225062517365935,0.1972770213948319,0.5137538205056961,0.26646290636287856
0.022682166146867026,0.19676779132407146,0.5134675361497023,0.2670825063793592
0.022377215925603024,0.1981981981981982,0.5123510607381575,0.2670735251380413
0.022652757078986587,0.19821162444113263,0.5141579731743666,0.26497764530551415
0.022706351641607857,0.19729978521018718,0.5142681804234428,0.2657256827247622
0.022563459730492008,0.19868379818238796,0.5120651833281104,0.26668755875900974
0.0224863475746868,0.19755862512046257,0.5117250240925153,0.26823000321233537
0.022660098522167486,0.19540229885057472,0.5139573070607554,0.26798029556650244
0.022521008403361343,0.19394957983193278,0.5132773109243698,0.27025210084033613
0.022398345968297727,0.1943487250172295,0.5113714679531358,0.271881461061337
0.02287121745249824,0.19387755102040816,0.5056298381421535,0.2776213933849402
0.02340655383507382,0.19301404393230104,0.5091825711199136,0.27439683111271157
0.022509225092250923,0.1937269372693727,0.511070110701107,0.2726937269372694
0.022701475595913734,0.1925841846386682,0.5107832009080591,0.27393113885735904
0.02174757281553398,0.19145631067961166,0.509126213592233,0.27766990291262134
0.0,0.0,0.0,0.0
0.0,0.0,0.0,0.0
0.0,0.0,0.0,0.0
0.0,0.0,0.0,0.0
