age,Normal,Elevated,Stage 1,Stage 2,Normal 2.5%,Normal 97.5%,Elevated 2.5%,Elevated 97.5%,Stage 1 2.5%,Stage 1 97.5%,Stage 2 2.5%,Stage 2 97.5%
40,0.3516126895820915,0.14808927743559175,0.3535333465792437,0.14676468640307305,0.3439967494419452,0.35922862972223785,0.14242384782903308,0.1537547070421504,0.3459079531745245,0.36115873998396286,0.1411202680571501,0.152409104748996
41,0.3355888182625931,0.14886200533114619,0.3570500991046408,0.15849907730161986,0.32793755239483674,0.3432400841303495,0.1430943007583588,0.15462970990393357,0.34928647979209115,0.36481371841719046,0.1525813935353312,0.1644167610679085
42,0.3319516172873063,0.14372111986952976,0.3570943191084534,0.1672329437347105,0.32434319595857697,0.3395600386160357,0.13805323377347298,0.14938900596558655,0.3493529405776965,0.3648356976392103,0.16120351887930265,0.17326236859011837
43,0.3385159010600707,0.14840989399293286,0.35159010600706714,0.16148409893992932,0.3307190522593944,0.34631274986074695,0.1425523359323475,0.15426745205351822,0.34372303608388,0.3594571759302543,0.155421059340992,0.16754713853886663
44,0.3219992960225273,0.14649771207321366,0.3655051038366772,0.16599788806758184,0.31431560300330524,0.32968298904174936,0.14068277207379723,0.1523126520726301,0.3575857771028418,0.37342443057051267,0.1598791434299419,0.1721166327052218
45,0.3185677894140957,0.14576846872346447,0.36746391168978204,0.1681998301726578,0.31088606828631193,0.32624951054187945,0.1399505738238406,0.15158636362308833,0.35951520854777064,0.37541261483179345,0.1620329067523828,0.1743667535929328
46,0.308543973260915,0.14831836223104242,0.3631362718473644,0.18000139266067822,0.3009896325711621,0.31609831395066784,0.1425054756060706,0.15413124885601423,0.3552709984627137,0.3710015452320151,0.17371791261947628,0.18628487270188016
47,0.3069946406486189,0.14642022811598185,0.36519169987632266,0.18139343135907654,0.29950103906027065,0.3144882422369672,0.14067669006509165,0.15216376616687205,0.3573693244946152,0.3730140752580301,0.17513298503325475,0.18765387768489833
48,0.30258107213765717,0.1484447385837194,0.3704831237590999,0.17849106551952348,0.29525647736845023,0.3099056669068641,0.14277576175609885,0.15411371541133995,0.3627828926071416,0.37818335491105826,0.17238543885376428,0.18459669218528268
49,0.30216972994492736,0.1552650786278283,0.35571627629221686,0.18684891513502755,0.29483848995688783,0.3095009699329669,0.14948313072743727,0.1610470265282193,0.3480732121405245,0.3633593404439092,0.18062579809034549,0.1930720321797096
50,0.2931270804777756,0.15495072123229553,0.3646628810129887,0.18725931727694015,0.2859192730002877,0.3003348879552635,0.14922088309829812,0.16068055936629294,0.3570411708620608,0.37228459116391666,0.18108196665487858,0.1934366678990017
51,0.28942426008678196,0.15193316495045658,0.36733372190920277,0.19130885305355871,0.28227134559531436,0.29657717457824956,0.14627140161299024,0.15759492828792293,0.3597299667795634,0.3749374770388421,0.1851048892126688,0.19751281689444863
52,0.2854819825679719,0.15370105372707168,0.3647716924678028,0.19604527123715362,0.2783427653342446,0.2926211998016992,0.14800000208288577,0.1594021053712576,0.35716264771586204,0.3723807372197435,0.18976976688234323,0.202320775591964
53,0.27826773726470977,0.15729893378965382,0.3716598657364749,0.1927734632091615,0.2711419718985082,0.28539350263091134,0.15150982526435436,0.16308804231495327,0.3639759558488621,0.3793437756240877,0.1865010686412975,0.1990458577770255
54,0.2771542827657379,0.16318369453044376,0.36906604747162025,0.19059597523219815,0.2701088152920186,0.2841997502394572,0.157366954437249,0.16900043462363853,0.3614703054271731,0.3766617895160674,0.18441345204662313,0.19677849841777317
55,0.27394406212513417,0.1569543531788623,0.3655533808952585,0.203548203800745,0.26699861518197426,0.2808895090682941,0.1512893985036391,0.16261930785408552,0.35805345179622455,0.3730533099942925,0.19727776986139176,0.20981863774009826
56,0.2766759946465507,0.1599951332278866,0.35776858498600805,0.20556028713955468,0.26983725953695425,0.2835147297561471,0.1543908781978792,0.16559938825789403,0.3504408378004946,0.3650963321715215,0.19938263167250142,0.21173794260660794
57,0.27808403773122625,0.15937767977459266,0.35538404998162443,0.20715423251255666,0.27121114528677764,0.28495693017567486,0.15376303346275172,0.1649923260864336,0.34804216317126285,0.362725936791986,0.2009376821476891,0.21337078287742423
58,0.2620092893045747,0.16746198383915506,0.3654641471018642,0.20506457975440606,0.2551346952737903,0.26888388333535906,0.16162453056572545,0.17329943711258466,0.35793555554352563,0.37299273866020277,0.19875247039113136,0.21137668911768076
59,0.2671957671957672,0.16894302940814568,0.36126491940445427,0.20259628399163282,0.260393138998835,0.27399839539269943,0.16318261801966844,0.17470344079662292,0.3538800767977403,0.3686497620111682,0.1964172180695546,0.20877534991371105
60,0.2594195519348269,0.17521639511201628,0.3574974541751528,0.20786659877800406,0.25256593496364155,0.26627316890601227,0.1692722454443535,0.18116054477967908,0.3500035823799251,0.3649913259703804,0.2015217120409972,0.21421148551501093
61,0.25539181582442605,0.1777876162165581,0.35127442919486435,0.21554613876415155,0.2485945256171427,0.2621891060317094,0.1718280975836139,0.18374713484950228,0.3438335852121893,0.3587152731775394,0.20913666686354263,0.22195561066476047
62,0.25298765754587604,0.18030431659374388,0.3490498269444263,0.21765819891595375,0.24610222060189793,0.2598730944898542,0.17421529750078169,0.18639333568670607,0.3415000253854105,0.3565996285034421,0.21112232398419462,0.2241940738477129
63,0.24957898282249916,0.18134051869316267,0.34981475244189963,0.21926574604243854,0.24261729588100014,0.2565406697639982,0.175142440300509,0.18753859708581636,0.3421429818793127,0.3574865230044866,0.2126100266668372,0.22592146541803987
64,0.25439944134078213,0.1846368715083799,0.339804469273743,0.22115921787709497,0.24726618598660488,0.2615326966949594,0.17828193329214906,0.19099180972461074,0.33204686868890343,0.3475620698585826,0.21436165166034543,0.2279567840938445
65,0.24322830292979547,0.1909894969596462,0.34894969596462133,0.216832504145937,0.23623836515629584,0.2502182407032951,0.1845852858968276,0.1973937080224648,0.3411841409773472,0.3567152509518955,0.21011862786594573,0.22354638042592825
66,0.23984936665525505,0.19746662102019857,0.3372817528243752,0.22540225950017118,0.2329244200486087,0.2467743132619014,0.19101043983205185,0.2039228022083453,0.32961417491070244,0.344949330738048,0.21862561730076527,0.23217890169957708
67,0.24331995015921362,0.19548663990031842,0.3369098712446352,0.22428353869583276,0.23632283072352955,0.2503170695948977,0.18901969058804854,0.2019535892125883,0.32920230200218753,0.3446174404870828,0.21748172880379987,0.23108534858786564
68,0.23924550808916722,0.19868784015507343,0.3296056065011556,0.23246104525460373,0.23202563958764208,0.24646537659069237,0.19193523058845063,0.20544044972169623,0.3216504704642577,0.3375607425380535,0.22531261910165387,0.2396094714075536
69,0.24161922833649588,0.1971853257432005,0.3293010752688172,0.2318943706514864,0.23415909541476004,0.2490793612582317,0.19025135332591853,0.20411929816048247,0.32111081803467884,0.33749133250295554,0.22453920023542573,0.2392495410675471
70,0.24314472703172893,0.2020545108110347,0.32955016154419686,0.2252506006130395,0.23549201600339553,0.2507974380600623,0.1948914711922337,0.2092175504298357,0.3211648273537898,0.3379354957346039,0.21779830508379522,0.2327028961422838
71,0.24610378489467374,0.20551464291830793,0.3201746874464806,0.22820688474053777,0.23829148721130414,0.2539160825780433,0.19818592190284548,0.21284336393377037,0.31171301873060353,0.32863635616235765,0.2205952370789218,0.23581853240215372
72,0.23999272197962154,0.20496724890829696,0.3297852983988355,0.225254730713246,0.23200877503084266,0.24797666892840042,0.19742076801193248,0.21251372980466143,0.32099644233923047,0.3385741544584406,0.217445178047978,0.233064283378514
73,0.22800445479396578,0.2221322263845297,0.31436671053963755,0.23549660828186697,0.2197304717325867,0.23627843785534486,0.21393448452541713,0.23032996824364227,0.3052108369631751,0.3235225841161,0.22712868671830028,0.24386452984543366
74,0.2320293135036103,0.2179114128677659,0.31522793404461685,0.2348313395840069,0.22344034020013664,0.24061828680708397,0.20951168016519398,0.22631114557033785,0.3057746464743511,0.3246812216148826,0.22620643859101344,0.24345624057700035
75,0.23849090500785988,0.21693240512014372,0.30833146193577365,0.23624522793622277,0.22964015235856028,0.24734165765715949,0.20837250716458822,0.22549230307569923,0.29874044456952104,0.3179224793020263,0.2274232648471446,0.24506719102530095
76,0.23295177788602045,0.21395518753044326,0.3105211885046274,0.24257184607890891,0.22380921472847495,0.24209434104356595,0.20508549257314376,0.22282488248774276,0.3005135939369043,0.3205287830723505,0.23330110313304017,0.25184258902477763
77,0.24202057504616195,0.21814824584542336,0.3059878659984173,0.23384331310999737,0.23237981988085057,0.2516613302114733,0.20885228531730013,0.2274442063735466,0.29561516557268736,0.3163605664241473,0.22431584558943587,0.24337078063055886
78,0.23128019323671498,0.22569444444444445,0.3038949275362319,0.2391304347826087,0.22112609909664435,0.2414342873767856,0.21562734053653046,0.23576154835235844,0.2928188227973374,0.31497103227512635,0.22885830584256348,0.24940256372265393
79,0.2344849648112604,0.23064619321817018,0.2888675623800384,0.24600127959053103,0.223982941709452,0.24498698791306883,0.22020440680716868,0.24108797962917167,0.27763281687100244,0.3001023078890744,0.2353256721959068,0.2566768869851553
80,0.23641546410119366,0.22340994120791022,0.29948334224122575,0.2406912524496704,0.22530026945166998,0.24753065875071734,0.2125131725582594,0.23430670985756102,0.28750087807251434,0.31146580640993715,0.22950743872629892,0.2518750661730419
81,0.23921344024436808,0.2069492172584956,0.28465063001145474,0.26918671248568155,0.22766057924022937,0.2507663012485068,0.19597817880943907,0.21792025570755214,0.27243036798428516,0.2968708920386243,0.25717526433946736,0.28119816063189573
82,0.23141714045062117,0.2133080648557591,0.2851126552958518,0.27016213939776795,0.2194224204322948,0.24341186046894756,0.2016573387377433,0.22495879097377489,0.2722723881893834,0.2979529224023202,0.257533038178719,0.28279124061681693
83,0.245817843866171,0.21328996282527882,0.2757899628252788,0.26510223048327136,0.23295441383334847,0.25868127389899354,0.20105213004814473,0.2255277956024129,0.2624383583739203,0.28914156727663726,0.25191565226513496,0.27828880870140776
84,0.24542224651544137,0.21016671221645258,0.2905165345722875,0.25389450669581853,0.23147861656768762,0.25936587646319514,0.19696541624275837,0.2233680081901468,0.2758061694249283,0.30522689971964667,0.23979208628789425,0.26799692710374284
85,0.2540059347181009,0.20919881305637983,0.270919881305638,0.2658753709198813,0.23930913557882139,0.2687027338573804,0.19546641432944592,0.22293121178331374,0.25591470140260414,0.28592506120867184,0.25095920889471846,0.2807915329450441
86,0.27674258109040717,0.20910973084886128,0.26570048309178745,0.2484472049689441,0.26045399668626124,0.2930311654945531,0.19430351289655284,0.22391594880116972,0.24961879281157978,0.2817821733719951,0.2327147786938987,0.26417963124398947
87,0.25830533781261666,0.20679357969391565,0.269130272489735,0.26577081000373276,0.2417308162345181,0.27487985939071524,0.19145718170707252,0.2221299776807588,0.25233593034325513,0.2859246146362148,0.24904330388598575,0.28249831612147974
88,0.2563550193881947,0.2158552348125808,0.2727272727272727,0.25506247307195173,0.2385921035173618,0.2741179352590276,0.1991177599695269,0.23259270965563467,0.2546087219894561,0.2908458234650893,0.23732900283651592,0.27279594330738755
89,0.24780058651026393,0.22140762463343108,0.2751710654936461,0.25562072336265884,0.22909320786923226,0.2665079651512956,0.20341698369610114,0.23939826557076102,0.25581957504667896,0.2945225559406133,0.23671947699001603,0.27452196973530163
