quantile,outcome,fit metric
0.01,dia,0.06995680025927442
0.02,dia,0.07639627537375748
0.03,dia,0.06978470256454583
0.04,dia,0.06618430600645742
0.05,dia,0.05381985222018992
0.06,dia,0.04977790464447762
0.07,dia,0.05353578139486781
0.08,dia,0.06027242448091863
0.09,dia,0.06791247540690859
0.1,dia,0.06933758549996738
0.11,dia,0.0723534144970861
0.12,dia,0.07774649195451466
0.13,dia,0.08240225512455979
0.14,dia,0.08308711762652599
0.15,dia,0.08534944003346867
0.16,dia,0.08879940636729244
0.17,dia,0.09092521431880562
0.18,dia,0.0903589711644831
0.19,dia,0.09033981006209046
0.2,dia,0.09071970356342574
0.21,dia,0.08906394265471917
0.22,dia,0.0866255662818326
0.23,dia,0.08511211812633357
0.24,dia,0.08461957041296242
0.25,dia,0.08518657466076018
0.26,dia,0.08411421697552479
0.27,dia,0.08117292555322098
0.28,dia,0.0780107098878835
0.29,dia,0.07555163918067531
0.3,dia,0.07383699146749823
0.31,dia,0.07326616129734143
0.32,dia,0.07377607274284814
0.33,dia,0.07486930042251261
0.34,dia,0.07651972369956517
0.35,dia,0.07879778063201215
0.36,dia,0.08174437950092195
0.37,dia,0.08306124241711688
0.38,dia,0.08325372537414255
0.39,dia,0.08341728296362017
0.4,dia,0.08408932062465357
0.41,dia,0.08528434318465983
0.42,dia,0.087123681158352
0.43,dia,0.08940157124826142
0.44,dia,0.09038332091670276
0.45,dia,0.09035179082548794
0.46,dia,0.09032452457607887
0.47,dia,0.09085496891602607
0.48,dia,0.09203446865422393
0.49,dia,0.09313240227803499
0.5,dia,0.09329572145256526
0.51,dia,0.09227433936755158
0.52,dia,0.09123026518209754
0.53,dia,0.09070125366772486
0.54,dia,0.09065662623092752
0.55,dia,0.09062130402974833
0.56,dia,0.08925361962202238
0.57,dia,0.08647864925006721
0.58,dia,0.08381422939138516
0.59,dia,0.08204603448738823
0.6,dia,0.08105301862989756
0.61,dia,0.08067176435106616
0.62,dia,0.08080102538972567
0.63,dia,0.08015198350149311
0.64,dia,0.07851347069516668
0.65,dia,0.07504575663687629
0.66,dia,0.07197669001116014
0.67,dia,0.06937582671099662
0.68,dia,0.06725871818277596
0.69,dia,0.06567849575330909
0.7,dia,0.06446981078831504
0.71,dia,0.06381245148396153
0.72,dia,0.0641081043466164
0.73,dia,0.06551811871147017
0.74,dia,0.06778613960792745
0.75,dia,0.06880747625659067
0.76,dia,0.06815771824106609
0.77,dia,0.06663672743973104
0.78,dia,0.06612070973644546
0.79,dia,0.06685825656913269
0.8,dia,0.06892306943640136
0.81,dia,0.0704141536916304
0.82,dia,0.0698757882083646
0.83,dia,0.06823151282993234
0.84,dia,0.0679905002048723
0.85,dia,0.06971954215849019
0.86,dia,0.07065691343671554
0.87,dia,0.06949125002117684
0.88,dia,0.0685021584922072
0.89,dia,0.0697304189821738
0.9,dia,0.0669624127407974
0.91,dia,0.06271743008577879
0.92,dia,0.06261499690350691
0.93,dia,0.059874787525767026
0.94,dia,0.05458737596415564
0.95,dia,0.054681867992162125
0.96,dia,0.05707591102089682
0.97,dia,0.059638549988007994
0.98,dia,0.05548167091188949
0.99,dia,0.043686633215332615
0.01,sys,0.05987439559759844
0.02,sys,0.09641310355855759
0.03,sys,0.10402532610315707
0.04,sys,0.10265970606240293
0.05,sys,0.10300722612664459
0.06,sys,0.10176039653927971
0.07,sys,0.10407740788254205
0.08,sys,0.11072892692787795
0.09,sys,0.11508329438759424
0.1,sys,0.11874439659602398
0.11,sys,0.12243968997357446
0.12,sys,0.12262021047913474
0.13,sys,0.12402949503868921
0.14,sys,0.1230842245244963
0.15,sys,0.1223959786763994
0.16,sys,0.12013240686593185
0.17,sys,0.1185757415389983
0.18,sys,0.11834660480153592
0.19,sys,0.11647341607034256
0.2,sys,0.11502640180430812
0.21,sys,0.11475145457382274
0.22,sys,0.11568626293102646
0.23,sys,0.11768076091520907
0.24,sys,0.12028803765741125
0.25,sys,0.1231299049140917
0.26,sys,0.12426270128863837
0.27,sys,0.1250493262928125
0.28,sys,0.12649631393058158
0.29,sys,0.12855925821656955
0.3,sys,0.12882481477691454
0.31,sys,0.12846884324786345
0.32,sys,0.1284731227676359
0.33,sys,0.1276014652050298
0.34,sys,0.12588591824119655
0.35,sys,0.12471853065192251
0.36,sys,0.12372481620629305
0.37,sys,0.12162808364305056
0.38,sys,0.11898725932266863
0.39,sys,0.11687220416483135
0.4,sys,0.11538558085032535
0.41,sys,0.11463114785952566
0.42,sys,0.11441245701937264
0.43,sys,0.11299644089334782
0.44,sys,0.11083073927561571
0.45,sys,0.10922739913085922
0.46,sys,0.10807507562267127
0.47,sys,0.10750437895214837
0.48,sys,0.10758955284422245
0.49,sys,0.10829070697649634
0.5,sys,0.10953559210778141
0.51,sys,0.11022102670250433
0.52,sys,0.1097084893682213
0.53,sys,0.10932142816788515
0.54,sys,0.10958526098391297
0.55,sys,0.11043462524344361
0.56,sys,0.11189353013918357
0.57,sys,0.1130963438150634
0.58,sys,0.11314555768880696
0.59,sys,0.1130451153591322
0.6,sys,0.11331020918434631
0.61,sys,0.1140327542199916
0.62,sys,0.1144057216432518
0.63,sys,0.11374166627868476
0.64,sys,0.11322007929320999
0.65,sys,0.11340697783481946
0.66,sys,0.11324695530845263
0.67,sys,0.11193644412350479
0.68,sys,0.11071069928262611
0.69,sys,0.11008965691456729
0.7,sys,0.11002603313005632
0.71,sys,0.10870598565325928
0.72,sys,0.1071863772995918
0.73,sys,0.10644095572726331
0.74,sys,0.10659584353562201
0.75,sys,0.10762194139449299
0.76,sys,0.10884281230170578
0.77,sys,0.10867942030982569
0.78,sys,0.10902941274351086
0.79,sys,0.11056069307195682
0.8,sys,0.11142525906479972
0.81,sys,0.11123621672006012
0.82,sys,0.1113034009007029
0.83,sys,0.11006325272539674
0.84,sys,0.10941500194364817
0.85,sys,0.10766985498759474
0.86,sys,0.10557309864660247
0.87,sys,0.10527215949625046
0.88,sys,0.10320505825821591
0.89,sys,0.1020973088695436
0.9,sys,0.10368991335297628
0.91,sys,0.10383113697202428
0.92,sys,0.10580009524280898
0.93,sys,0.10688967240286618
0.94,sys,0.10724776489866406
0.95,sys,0.10649836095496534
0.96,sys,0.10590454346661127
0.97,sys,0.10888748737914267
0.98,sys,0.1055967113143852
0.99,sys,0.09707136095061453
